index,#vm,ram,target,memory_queue,acquisition,terminated,feasible,ml_mape
144,13.0,0.2,-7946965.0,120/121/122/123/124/125/126/127/128/129/130/131/132/133/134/135/136/137/138/139/140/141/142/143/144/145/146/147/148/149//432/433/434/435/436/437/438/439/440/441/442/443/444/445/446/447/448/449/450/451/452/453/454/455/456/457/458/459/460/461/462/463/464/465/466/467/468/469/470/471/472//625/626/627/628/629/630/631/632/633/634/635/636/637/638/639/640/641/642/643/644/645//604/605/606/607/608/609/610/611/612/613/614/615/616/617/618/619/620/621/622/623/624//656/657/658/659/660/661/662/663/664/665//666/667/668/669/670/671/672/673/674/675//676/677/678/679/680/681/682/683/684/685//0/1/2/3/4/5/6/7/8/9//10/11/12/13/14/15/16/17/18/19//686/687/688/689/690/691/692/693/694/695//20/21/22/23/24/25/26/27/28/29/30/31/32/33/34//35/36/37/38/39//40/41/42/43/44/45/46/47/48/49/50/51/52/53/54/55/56/57/58/59/60/61/62//63/64//65/66/67/68/69/70/71/72/73/74/75/76/77/78/79/80/81/82/83//84/85/86/87/88/89/90/91//92/93/94/95/96/97/98/99/100/101/102/103/104/105/106/107/108/109/110/111/112/113/114//115/116/117/118/119//150/151/152/153/154/155/156/157/158/159/160/161/162/163/164/165/166/167/168/169/170/171/172//173/174//175/176/177/178/179/180/181/182/183/184/185/186/187/188/189/190/191/192/193/194/195/196/197/198/199/200/201/202/203/204/205/206/207/208/209/210/211/212//213/214//215/216/217/218/219/220/221/222/223/224/225/226/227/228/229/230/231/232/233/234/235/236/237/238/239/240/241/242//243/244/245/246/247/248//249/250/251/252/253/254/255/256/257/258/259/260/261/262/263/264/265/266/267/268/269/270/271/272/273/274/275/276/277/278/279/280//281/282/283/284/285/286/287/288//289/290/291/292/293/294/295/296/297/298/299/300/301/302/303/304/305/306/307/308/309/310/311/312/313//314/315/316/317/318/319/320/321/322/323/324/325/326/327/328//329/330/331/332/333/334/335/336/337/338//339/340/341/342/343/344/345/346/347/348//349/350/351/352/353/354/355/356/357/358//646/647/648/649/650/651/652/653/654/655//359/360/361/362/363/364/365/366/367/368,,False,False,
444,10.0,0.7,-4371600.0,120/121/122/123/124/125/126/127/128/129/130/131/132/133/134/135/136/137/138/139/140/141/142/143/144/145/146/147/148/149//432/433/434/435/436/437/438/439/440/441/442/443/444/445/446/447/448/449/450/451/452/453/454/455/456/457/458/459/460/461/462/463/464/465/466/467/468/469/470/471/472//625/626/627/628/629/630/631/632/633/634/635/636/637/638/639/640/641/642/643/644/645//604/605/606/607/608/609/610/611/612/613/614/615/616/617/618/619/620/621/622/623/624//656/657/658/659/660/661/662/663/664/665//666/667/668/669/670/671/672/673/674/675//676/677/678/679/680/681/682/683/684/685//0/1/2/3/4/5/6/7/8/9//10/11/12/13/14/15/16/17/18/19//686/687/688/689/690/691/692/693/694/695//20/21/22/23/24/25/26/27/28/29/30/31/32/33/34//35/36/37/38/39//40/41/42/43/44/45/46/47/48/49/50/51/52/53/54/55/56/57/58/59/60/61/62//63/64//65/66/67/68/69/70/71/72/73/74/75/76/77/78/79/80/81/82/83//84/85/86/87/88/89/90/91//92/93/94/95/96/97/98/99/100/101/102/103/104/105/106/107/108/109/110/111/112/113/114//115/116/117/118/119//150/151/152/153/154/155/156/157/158/159/160/161/162/163/164/165/166/167/168/169/170/171/172//173/174//175/176/177/178/179/180/181/182/183/184/185/186/187/188/189/190/191/192/193/194/195/196/197/198/199/200/201/202/203/204/205/206/207/208/209/210/211/212//213/214//215/216/217/218/219/220/221/222/223/224/225/226/227/228/229/230/231/232/233/234/235/236/237/238/239/240/241/242//243/244/245/246/247/248//249/250/251/252/253/254/255/256/257/258/259/260/261/262/263/264/265/266/267/268/269/270/271/272/273/274/275/276/277/278/279/280//281/282/283/284/285/286/287/288//289/290/291/292/293/294/295/296/297/298/299/300/301/302/303/304/305/306/307/308/309/310/311/312/313//314/315/316/317/318/319/320/321/322/323/324/325/326/327/328//329/330/331/332/333/334/335/336/337/338//339/340/341/342/343/344/345/346/347/348//349/350/351/352/353/354/355/356/357/358//646/647/648/649/650/651/652/653/654/655//359/360/361/362/363/364/365/366/367/368,,False,False,
626,26.0,0.7,-4469998.0,120/121/122/123/124/125/126/127/128/129/130/131/132/133/134/135/136/137/138/139/140/141/142/143/144/145/146/147/148/149//432/433/434/435/436/437/438/439/440/441/442/443/444/445/446/447/448/449/450/451/452/453/454/455/456/457/458/459/460/461/462/463/464/465/466/467/468/469/470/471/472//625/626/627/628/629/630/631/632/633/634/635/636/637/638/639/640/641/642/643/644/645//604/605/606/607/608/609/610/611/612/613/614/615/616/617/618/619/620/621/622/623/624//656/657/658/659/660/661/662/663/664/665//666/667/668/669/670/671/672/673/674/675//676/677/678/679/680/681/682/683/684/685//0/1/2/3/4/5/6/7/8/9//10/11/12/13/14/15/16/17/18/19//686/687/688/689/690/691/692/693/694/695//20/21/22/23/24/25/26/27/28/29/30/31/32/33/34//35/36/37/38/39//40/41/42/43/44/45/46/47/48/49/50/51/52/53/54/55/56/57/58/59/60/61/62//63/64//65/66/67/68/69/70/71/72/73/74/75/76/77/78/79/80/81/82/83//84/85/86/87/88/89/90/91//92/93/94/95/96/97/98/99/100/101/102/103/104/105/106/107/108/109/110/111/112/113/114//115/116/117/118/119//150/151/152/153/154/155/156/157/158/159/160/161/162/163/164/165/166/167/168/169/170/171/172//173/174//175/176/177/178/179/180/181/182/183/184/185/186/187/188/189/190/191/192/193/194/195/196/197/198/199/200/201/202/203/204/205/206/207/208/209/210/211/212//213/214//215/216/217/218/219/220/221/222/223/224/225/226/227/228/229/230/231/232/233/234/235/236/237/238/239/240/241/242//243/244/245/246/247/248//249/250/251/252/253/254/255/256/257/258/259/260/261/262/263/264/265/266/267/268/269/270/271/272/273/274/275/276/277/278/279/280//281/282/283/284/285/286/287/288//289/290/291/292/293/294/295/296/297/298/299/300/301/302/303/304/305/306/307/308/309/310/311/312/313//314/315/316/317/318/319/320/321/322/323/324/325/326/327/328//329/330/331/332/333/334/335/336/337/338//339/340/341/342/343/344/345/346/347/348//349/350/351/352/353/354/355/356/357/358//646/647/648/649/650/651/652/653/654/655//359/360/361/362/363/364/365/366/367/368,,False,True,
604,24.0,0.7,-4437600.0,120/121/122/123/124/125/126/127/128/129/130/131/132/133/134/135/136/137/138/139/140/141/142/143/144/145/146/147/148/149//432/433/434/435/436/437/438/439/440/441/442/443/444/445/446/447/448/449/450/451/452/453/454/455/456/457/458/459/460/461/462/463/464/465/466/467/468/469/470/471/472//625/626/627/628/629/630/631/632/633/634/635/636/637/638/639/640/641/642/643/644/645//604/605/606/607/608/609/610/611/612/613/614/615/616/617/618/619/620/621/622/623/624//656/657/658/659/660/661/662/663/664/665//666/667/668/669/670/671/672/673/674/675//676/677/678/679/680/681/682/683/684/685//0/1/2/3/4/5/6/7/8/9//10/11/12/13/14/15/16/17/18/19//686/687/688/689/690/691/692/693/694/695//20/21/22/23/24/25/26/27/28/29/30/31/32/33/34//35/36/37/38/39//40/41/42/43/44/45/46/47/48/49/50/51/52/53/54/55/56/57/58/59/60/61/62//63/64//65/66/67/68/69/70/71/72/73/74/75/76/77/78/79/80/81/82/83//84/85/86/87/88/89/90/91//92/93/94/95/96/97/98/99/100/101/102/103/104/105/106/107/108/109/110/111/112/113/114//115/116/117/118/119//150/151/152/153/154/155/156/157/158/159/160/161/162/163/164/165/166/167/168/169/170/171/172//173/174//175/176/177/178/179/180/181/182/183/184/185/186/187/188/189/190/191/192/193/194/195/196/197/198/199/200/201/202/203/204/205/206/207/208/209/210/211/212//213/214//215/216/217/218/219/220/221/222/223/224/225/226/227/228/229/230/231/232/233/234/235/236/237/238/239/240/241/242//243/244/245/246/247/248//249/250/251/252/253/254/255/256/257/258/259/260/261/262/263/264/265/266/267/268/269/270/271/272/273/274/275/276/277/278/279/280//281/282/283/284/285/286/287/288//289/290/291/292/293/294/295/296/297/298/299/300/301/302/303/304/305/306/307/308/309/310/311/312/313//314/315/316/317/318/319/320/321/322/323/324/325/326/327/328//329/330/331/332/333/334/335/336/337/338//339/340/341/342/343/344/345/346/347/348//349/350/351/352/353/354/355/356/357/358//646/647/648/649/650/651/652/653/654/655//359/360/361/362/363/364/365/366/367/368,85.23410844284675,False,True,0.10795194015822465
656,4.0,4.0,-1247004.0,120/121/122/123/124/125/126/127/128/129/130/131/132/133/134/135/136/137/138/139/140/141/142/143/144/145/146/147/148/149//432/433/434/435/436/437/438/439/440/441/442/443/444/445/446/447/448/449/450/451/452/453/454/455/456/457/458/459/460/461/462/463/464/465/466/467/468/469/470/471/472//625/626/627/628/629/630/631/632/633/634/635/636/637/638/639/640/641/642/643/644/645//604/605/606/607/608/609/610/611/612/613/614/615/616/617/618/619/620/621/622/623/624//656/657/658/659/660/661/662/663/664/665//666/667/668/669/670/671/672/673/674/675//676/677/678/679/680/681/682/683/684/685//0/1/2/3/4/5/6/7/8/9//10/11/12/13/14/15/16/17/18/19//686/687/688/689/690/691/692/693/694/695//20/21/22/23/24/25/26/27/28/29/30/31/32/33/34//35/36/37/38/39//40/41/42/43/44/45/46/47/48/49/50/51/52/53/54/55/56/57/58/59/60/61/62//63/64//65/66/67/68/69/70/71/72/73/74/75/76/77/78/79/80/81/82/83//84/85/86/87/88/89/90/91//92/93/94/95/96/97/98/99/100/101/102/103/104/105/106/107/108/109/110/111/112/113/114//115/116/117/118/119//150/151/152/153/154/155/156/157/158/159/160/161/162/163/164/165/166/167/168/169/170/171/172//173/174//175/176/177/178/179/180/181/182/183/184/185/186/187/188/189/190/191/192/193/194/195/196/197/198/199/200/201/202/203/204/205/206/207/208/209/210/211/212//213/214//215/216/217/218/219/220/221/222/223/224/225/226/227/228/229/230/231/232/233/234/235/236/237/238/239/240/241/242//243/244/245/246/247/248//249/250/251/252/253/254/255/256/257/258/259/260/261/262/263/264/265/266/267/268/269/270/271/272/273/274/275/276/277/278/279/280//281/282/283/284/285/286/287/288//289/290/291/292/293/294/295/296/297/298/299/300/301/302/303/304/305/306/307/308/309/310/311/312/313//314/315/316/317/318/319/320/321/322/323/324/325/326/327/328//329/330/331/332/333/334/335/336/337/338//339/340/341/342/343/344/345/346/347/348//349/350/351/352/353/354/355/356/357/358//646/647/648/649/650/651/652/653/654/655//359/360/361/362/363/364/365/366/367/368,55.7240339100922,False,False,0.7632178082944339
666,5.0,4.0,-1272145.0,120/121/122/123/124/125/126/127/128/129/130/131/132/133/134/135/136/137/138/139/140/141/142/143/144/145/146/147/148/149//432/433/434/435/436/437/438/439/440/441/442/443/444/445/446/447/448/449/450/451/452/453/454/455/456/457/458/459/460/461/462/463/464/465/466/467/468/469/470/471/472//625/626/627/628/629/630/631/632/633/634/635/636/637/638/639/640/641/642/643/644/645//604/605/606/607/608/609/610/611/612/613/614/615/616/617/618/619/620/621/622/623/624//656/657/658/659/660/661/662/663/664/665//666/667/668/669/670/671/672/673/674/675//676/677/678/679/680/681/682/683/684/685//0/1/2/3/4/5/6/7/8/9//10/11/12/13/14/15/16/17/18/19//686/687/688/689/690/691/692/693/694/695//20/21/22/23/24/25/26/27/28/29/30/31/32/33/34//35/36/37/38/39//40/41/42/43/44/45/46/47/48/49/50/51/52/53/54/55/56/57/58/59/60/61/62//63/64//65/66/67/68/69/70/71/72/73/74/75/76/77/78/79/80/81/82/83//84/85/86/87/88/89/90/91//92/93/94/95/96/97/98/99/100/101/102/103/104/105/106/107/108/109/110/111/112/113/114//115/116/117/118/119//150/151/152/153/154/155/156/157/158/159/160/161/162/163/164/165/166/167/168/169/170/171/172//173/174//175/176/177/178/179/180/181/182/183/184/185/186/187/188/189/190/191/192/193/194/195/196/197/198/199/200/201/202/203/204/205/206/207/208/209/210/211/212//213/214//215/216/217/218/219/220/221/222/223/224/225/226/227/228/229/230/231/232/233/234/235/236/237/238/239/240/241/242//243/244/245/246/247/248//249/250/251/252/253/254/255/256/257/258/259/260/261/262/263/264/265/266/267/268/269/270/271/272/273/274/275/276/277/278/279/280//281/282/283/284/285/286/287/288//289/290/291/292/293/294/295/296/297/298/299/300/301/302/303/304/305/306/307/308/309/310/311/312/313//314/315/316/317/318/319/320/321/322/323/324/325/326/327/328//329/330/331/332/333/334/335/336/337/338//339/340/341/342/343/344/345/346/347/348//349/350/351/352/353/354/355/356/357/358//646/647/648/649/650/651/652/653/654/655//359/360/361/362/363/364/365/366/367/368,11724.870697001486,False,False,0.39114132380615413
676,6.0,4.0,-1409808.0,120/121/122/123/124/125/126/127/128/129/130/131/132/133/134/135/136/137/138/139/140/141/142/143/144/145/146/147/148/149//432/433/434/435/436/437/438/439/440/441/442/443/444/445/446/447/448/449/450/451/452/453/454/455/456/457/458/459/460/461/462/463/464/465/466/467/468/469/470/471/472//625/626/627/628/629/630/631/632/633/634/635/636/637/638/639/640/641/642/643/644/645//604/605/606/607/608/609/610/611/612/613/614/615/616/617/618/619/620/621/622/623/624//656/657/658/659/660/661/662/663/664/665//666/667/668/669/670/671/672/673/674/675//676/677/678/679/680/681/682/683/684/685//0/1/2/3/4/5/6/7/8/9//10/11/12/13/14/15/16/17/18/19//686/687/688/689/690/691/692/693/694/695//20/21/22/23/24/25/26/27/28/29/30/31/32/33/34//35/36/37/38/39//40/41/42/43/44/45/46/47/48/49/50/51/52/53/54/55/56/57/58/59/60/61/62//63/64//65/66/67/68/69/70/71/72/73/74/75/76/77/78/79/80/81/82/83//84/85/86/87/88/89/90/91//92/93/94/95/96/97/98/99/100/101/102/103/104/105/106/107/108/109/110/111/112/113/114//115/116/117/118/119//150/151/152/153/154/155/156/157/158/159/160/161/162/163/164/165/166/167/168/169/170/171/172//173/174//175/176/177/178/179/180/181/182/183/184/185/186/187/188/189/190/191/192/193/194/195/196/197/198/199/200/201/202/203/204/205/206/207/208/209/210/211/212//213/214//215/216/217/218/219/220/221/222/223/224/225/226/227/228/229/230/231/232/233/234/235/236/237/238/239/240/241/242//243/244/245/246/247/248//249/250/251/252/253/254/255/256/257/258/259/260/261/262/263/264/265/266/267/268/269/270/271/272/273/274/275/276/277/278/279/280//281/282/283/284/285/286/287/288//289/290/291/292/293/294/295/296/297/298/299/300/301/302/303/304/305/306/307/308/309/310/311/312/313//314/315/316/317/318/319/320/321/322/323/324/325/326/327/328//329/330/331/332/333/334/335/336/337/338//339/340/341/342/343/344/345/346/347/348//349/350/351/352/353/354/355/356/357/358//646/647/648/649/650/651/652/653/654/655//359/360/361/362/363/364/365/366/367/368,0.0646215424249599,False,False,0.39550739662864703
0,3.0,0.2,-6782883.0,120/121/122/123/124/125/126/127/128/129/130/131/132/133/134/135/136/137/138/139/140/141/142/143/144/145/146/147/148/149//432/433/434/435/436/437/438/439/440/441/442/443/444/445/446/447/448/449/450/451/452/453/454/455/456/457/458/459/460/461/462/463/464/465/466/467/468/469/470/471/472//625/626/627/628/629/630/631/632/633/634/635/636/637/638/639/640/641/642/643/644/645//604/605/606/607/608/609/610/611/612/613/614/615/616/617/618/619/620/621/622/623/624//656/657/658/659/660/661/662/663/664/665//666/667/668/669/670/671/672/673/674/675//676/677/678/679/680/681/682/683/684/685//0/1/2/3/4/5/6/7/8/9//10/11/12/13/14/15/16/17/18/19//686/687/688/689/690/691/692/693/694/695//20/21/22/23/24/25/26/27/28/29/30/31/32/33/34//35/36/37/38/39//40/41/42/43/44/45/46/47/48/49/50/51/52/53/54/55/56/57/58/59/60/61/62//63/64//65/66/67/68/69/70/71/72/73/74/75/76/77/78/79/80/81/82/83//84/85/86/87/88/89/90/91//92/93/94/95/96/97/98/99/100/101/102/103/104/105/106/107/108/109/110/111/112/113/114//115/116/117/118/119//150/151/152/153/154/155/156/157/158/159/160/161/162/163/164/165/166/167/168/169/170/171/172//173/174//175/176/177/178/179/180/181/182/183/184/185/186/187/188/189/190/191/192/193/194/195/196/197/198/199/200/201/202/203/204/205/206/207/208/209/210/211/212//213/214//215/216/217/218/219/220/221/222/223/224/225/226/227/228/229/230/231/232/233/234/235/236/237/238/239/240/241/242//243/244/245/246/247/248//249/250/251/252/253/254/255/256/257/258/259/260/261/262/263/264/265/266/267/268/269/270/271/272/273/274/275/276/277/278/279/280//281/282/283/284/285/286/287/288//289/290/291/292/293/294/295/296/297/298/299/300/301/302/303/304/305/306/307/308/309/310/311/312/313//314/315/316/317/318/319/320/321/322/323/324/325/326/327/328//329/330/331/332/333/334/335/336/337/338//339/340/341/342/343/344/345/346/347/348//349/350/351/352/353/354/355/356/357/358//646/647/648/649/650/651/652/653/654/655//359/360/361/362/363/364/365/366/367/368,0.0,False,False,0.8274585449997983
10,4.0,0.2,-8015384.0,120/121/122/123/124/125/126/127/128/129/130/131/132/133/134/135/136/137/138/139/140/141/142/143/144/145/146/147/148/149//432/433/434/435/436/437/438/439/440/441/442/443/444/445/446/447/448/449/450/451/452/453/454/455/456/457/458/459/460/461/462/463/464/465/466/467/468/469/470/471/472//625/626/627/628/629/630/631/632/633/634/635/636/637/638/639/640/641/642/643/644/645//604/605/606/607/608/609/610/611/612/613/614/615/616/617/618/619/620/621/622/623/624//656/657/658/659/660/661/662/663/664/665//666/667/668/669/670/671/672/673/674/675//676/677/678/679/680/681/682/683/684/685//0/1/2/3/4/5/6/7/8/9//10/11/12/13/14/15/16/17/18/19//686/687/688/689/690/691/692/693/694/695//20/21/22/23/24/25/26/27/28/29/30/31/32/33/34//35/36/37/38/39//40/41/42/43/44/45/46/47/48/49/50/51/52/53/54/55/56/57/58/59/60/61/62//63/64//65/66/67/68/69/70/71/72/73/74/75/76/77/78/79/80/81/82/83//84/85/86/87/88/89/90/91//92/93/94/95/96/97/98/99/100/101/102/103/104/105/106/107/108/109/110/111/112/113/114//115/116/117/118/119//150/151/152/153/154/155/156/157/158/159/160/161/162/163/164/165/166/167/168/169/170/171/172//173/174//175/176/177/178/179/180/181/182/183/184/185/186/187/188/189/190/191/192/193/194/195/196/197/198/199/200/201/202/203/204/205/206/207/208/209/210/211/212//213/214//215/216/217/218/219/220/221/222/223/224/225/226/227/228/229/230/231/232/233/234/235/236/237/238/239/240/241/242//243/244/245/246/247/248//249/250/251/252/253/254/255/256/257/258/259/260/261/262/263/264/265/266/267/268/269/270/271/272/273/274/275/276/277/278/279/280//281/282/283/284/285/286/287/288//289/290/291/292/293/294/295/296/297/298/299/300/301/302/303/304/305/306/307/308/309/310/311/312/313//314/315/316/317/318/319/320/321/322/323/324/325/326/327/328//329/330/331/332/333/334/335/336/337/338//339/340/341/342/343/344/345/346/347/348//349/350/351/352/353/354/355/356/357/358//646/647/648/649/650/651/652/653/654/655//359/360/361/362/363/364/365/366/367/368,-1.7976931348623157e+308,False,False,0.03520276574660841
686,3.0,9.0,-691836.0,120/121/122/123/124/125/126/127/128/129/130/131/132/133/134/135/136/137/138/139/140/141/142/143/144/145/146/147/148/149//432/433/434/435/436/437/438/439/440/441/442/443/444/445/446/447/448/449/450/451/452/453/454/455/456/457/458/459/460/461/462/463/464/465/466/467/468/469/470/471/472//625/626/627/628/629/630/631/632/633/634/635/636/637/638/639/640/641/642/643/644/645//604/605/606/607/608/609/610/611/612/613/614/615/616/617/618/619/620/621/622/623/624//656/657/658/659/660/661/662/663/664/665//666/667/668/669/670/671/672/673/674/675//676/677/678/679/680/681/682/683/684/685//0/1/2/3/4/5/6/7/8/9//10/11/12/13/14/15/16/17/18/19//686/687/688/689/690/691/692/693/694/695//20/21/22/23/24/25/26/27/28/29/30/31/32/33/34//35/36/37/38/39//40/41/42/43/44/45/46/47/48/49/50/51/52/53/54/55/56/57/58/59/60/61/62//63/64//65/66/67/68/69/70/71/72/73/74/75/76/77/78/79/80/81/82/83//84/85/86/87/88/89/90/91//92/93/94/95/96/97/98/99/100/101/102/103/104/105/106/107/108/109/110/111/112/113/114//115/116/117/118/119//150/151/152/153/154/155/156/157/158/159/160/161/162/163/164/165/166/167/168/169/170/171/172//173/174//175/176/177/178/179/180/181/182/183/184/185/186/187/188/189/190/191/192/193/194/195/196/197/198/199/200/201/202/203/204/205/206/207/208/209/210/211/212//213/214//215/216/217/218/219/220/221/222/223/224/225/226/227/228/229/230/231/232/233/234/235/236/237/238/239/240/241/242//243/244/245/246/247/248//249/250/251/252/253/254/255/256/257/258/259/260/261/262/263/264/265/266/267/268/269/270/271/272/273/274/275/276/277/278/279/280//281/282/283/284/285/286/287/288//289/290/291/292/293/294/295/296/297/298/299/300/301/302/303/304/305/306/307/308/309/310/311/312/313//314/315/316/317/318/319/320/321/322/323/324/325/326/327/328//329/330/331/332/333/334/335/336/337/338//339/340/341/342/343/344/345/346/347/348//349/350/351/352/353/354/355/356/357/358//646/647/648/649/650/651/652/653/654/655//359/360/361/362/363/364/365/366/367/368,0.0,False,False,7.609471100756252
20,5.0,0.2,-9436605.0,120/121/122/123/124/125/126/127/128/129/130/131/132/133/134/135/136/137/138/139/140/141/142/143/144/145/146/147/148/149//432/433/434/435/436/437/438/439/440/441/442/443/444/445/446/447/448/449/450/451/452/453/454/455/456/457/458/459/460/461/462/463/464/465/466/467/468/469/470/471/472//625/626/627/628/629/630/631/632/633/634/635/636/637/638/639/640/641/642/643/644/645//604/605/606/607/608/609/610/611/612/613/614/615/616/617/618/619/620/621/622/623/624//656/657/658/659/660/661/662/663/664/665//666/667/668/669/670/671/672/673/674/675//676/677/678/679/680/681/682/683/684/685//0/1/2/3/4/5/6/7/8/9//10/11/12/13/14/15/16/17/18/19//686/687/688/689/690/691/692/693/694/695//20/21/22/23/24/25/26/27/28/29/30/31/32/33/34//35/36/37/38/39//40/41/42/43/44/45/46/47/48/49/50/51/52/53/54/55/56/57/58/59/60/61/62//63/64//65/66/67/68/69/70/71/72/73/74/75/76/77/78/79/80/81/82/83//84/85/86/87/88/89/90/91//92/93/94/95/96/97/98/99/100/101/102/103/104/105/106/107/108/109/110/111/112/113/114//115/116/117/118/119//150/151/152/153/154/155/156/157/158/159/160/161/162/163/164/165/166/167/168/169/170/171/172//173/174//175/176/177/178/179/180/181/182/183/184/185/186/187/188/189/190/191/192/193/194/195/196/197/198/199/200/201/202/203/204/205/206/207/208/209/210/211/212//213/214//215/216/217/218/219/220/221/222/223/224/225/226/227/228/229/230/231/232/233/234/235/236/237/238/239/240/241/242//243/244/245/246/247/248//249/250/251/252/253/254/255/256/257/258/259/260/261/262/263/264/265/266/267/268/269/270/271/272/273/274/275/276/277/278/279/280//281/282/283/284/285/286/287/288//289/290/291/292/293/294/295/296/297/298/299/300/301/302/303/304/305/306/307/308/309/310/311/312/313//314/315/316/317/318/319/320/321/322/323/324/325/326/327/328//329/330/331/332/333/334/335/336/337/338//339/340/341/342/343/344/345/346/347/348//349/350/351/352/353/354/355/356/357/358//646/647/648/649/650/651/652/653/654/655//359/360/361/362/363/364/365/366/367/368,-1.7976931348623157e+308,False,False,0.07520885100549278
35,6.0,0.2,-9471234.0,120/121/122/123/124/125/126/127/128/129/130/131/132/133/134/135/136/137/138/139/140/141/142/143/144/145/146/147/148/149//432/433/434/435/436/437/438/439/440/441/442/443/444/445/446/447/448/449/450/451/452/453/454/455/456/457/458/459/460/461/462/463/464/465/466/467/468/469/470/471/472//625/626/627/628/629/630/631/632/633/634/635/636/637/638/639/640/641/642/643/644/645//604/605/606/607/608/609/610/611/612/613/614/615/616/617/618/619/620/621/622/623/624//656/657/658/659/660/661/662/663/664/665//666/667/668/669/670/671/672/673/674/675//676/677/678/679/680/681/682/683/684/685//0/1/2/3/4/5/6/7/8/9//10/11/12/13/14/15/16/17/18/19//686/687/688/689/690/691/692/693/694/695//20/21/22/23/24/25/26/27/28/29/30/31/32/33/34//35/36/37/38/39//40/41/42/43/44/45/46/47/48/49/50/51/52/53/54/55/56/57/58/59/60/61/62//63/64//65/66/67/68/69/70/71/72/73/74/75/76/77/78/79/80/81/82/83//84/85/86/87/88/89/90/91//92/93/94/95/96/97/98/99/100/101/102/103/104/105/106/107/108/109/110/111/112/113/114//115/116/117/118/119//150/151/152/153/154/155/156/157/158/159/160/161/162/163/164/165/166/167/168/169/170/171/172//173/174//175/176/177/178/179/180/181/182/183/184/185/186/187/188/189/190/191/192/193/194/195/196/197/198/199/200/201/202/203/204/205/206/207/208/209/210/211/212//213/214//215/216/217/218/219/220/221/222/223/224/225/226/227/228/229/230/231/232/233/234/235/236/237/238/239/240/241/242//243/244/245/246/247/248//249/250/251/252/253/254/255/256/257/258/259/260/261/262/263/264/265/266/267/268/269/270/271/272/273/274/275/276/277/278/279/280//281/282/283/284/285/286/287/288//289/290/291/292/293/294/295/296/297/298/299/300/301/302/303/304/305/306/307/308/309/310/311/312/313//314/315/316/317/318/319/320/321/322/323/324/325/326/327/328//329/330/331/332/333/334/335/336/337/338//339/340/341/342/343/344/345/346/347/348//349/350/351/352/353/354/355/356/357/358//646/647/648/649/650/651/652/653/654/655//359/360/361/362/363/364/365/366/367/368,-1.7976931348623157e+308,False,False,0.0013547523621311773
40,7.0,0.2,-10276763.0,120/121/122/123/124/125/126/127/128/129/130/131/132/133/134/135/136/137/138/139/140/141/142/143/144/145/146/147/148/149//432/433/434/435/436/437/438/439/440/441/442/443/444/445/446/447/448/449/450/451/452/453/454/455/456/457/458/459/460/461/462/463/464/465/466/467/468/469/470/471/472//625/626/627/628/629/630/631/632/633/634/635/636/637/638/639/640/641/642/643/644/645//604/605/606/607/608/609/610/611/612/613/614/615/616/617/618/619/620/621/622/623/624//656/657/658/659/660/661/662/663/664/665//666/667/668/669/670/671/672/673/674/675//676/677/678/679/680/681/682/683/684/685//0/1/2/3/4/5/6/7/8/9//10/11/12/13/14/15/16/17/18/19//686/687/688/689/690/691/692/693/694/695//20/21/22/23/24/25/26/27/28/29/30/31/32/33/34//35/36/37/38/39//40/41/42/43/44/45/46/47/48/49/50/51/52/53/54/55/56/57/58/59/60/61/62//63/64//65/66/67/68/69/70/71/72/73/74/75/76/77/78/79/80/81/82/83//84/85/86/87/88/89/90/91//92/93/94/95/96/97/98/99/100/101/102/103/104/105/106/107/108/109/110/111/112/113/114//115/116/117/118/119//150/151/152/153/154/155/156/157/158/159/160/161/162/163/164/165/166/167/168/169/170/171/172//173/174//175/176/177/178/179/180/181/182/183/184/185/186/187/188/189/190/191/192/193/194/195/196/197/198/199/200/201/202/203/204/205/206/207/208/209/210/211/212//213/214//215/216/217/218/219/220/221/222/223/224/225/226/227/228/229/230/231/232/233/234/235/236/237/238/239/240/241/242//243/244/245/246/247/248//249/250/251/252/253/254/255/256/257/258/259/260/261/262/263/264/265/266/267/268/269/270/271/272/273/274/275/276/277/278/279/280//281/282/283/284/285/286/287/288//289/290/291/292/293/294/295/296/297/298/299/300/301/302/303/304/305/306/307/308/309/310/311/312/313//314/315/316/317/318/319/320/321/322/323/324/325/326/327/328//329/330/331/332/333/334/335/336/337/338//339/340/341/342/343/344/345/346/347/348//349/350/351/352/353/354/355/356/357/358//646/647/648/649/650/651/652/653/654/655//359/360/361/362/363/364/365/366/367/368,-1.7976931348623157e+308,False,False,0.05548849657283346
63,8.0,0.2,-9751200.0,120/121/122/123/124/125/126/127/128/129/130/131/132/133/134/135/136/137/138/139/140/141/142/143/144/145/146/147/148/149//432/433/434/435/436/437/438/439/440/441/442/443/444/445/446/447/448/449/450/451/452/453/454/455/456/457/458/459/460/461/462/463/464/465/466/467/468/469/470/471/472//625/626/627/628/629/630/631/632/633/634/635/636/637/638/639/640/641/642/643/644/645//604/605/606/607/608/609/610/611/612/613/614/615/616/617/618/619/620/621/622/623/624//656/657/658/659/660/661/662/663/664/665//666/667/668/669/670/671/672/673/674/675//676/677/678/679/680/681/682/683/684/685//0/1/2/3/4/5/6/7/8/9//10/11/12/13/14/15/16/17/18/19//686/687/688/689/690/691/692/693/694/695//20/21/22/23/24/25/26/27/28/29/30/31/32/33/34//35/36/37/38/39//40/41/42/43/44/45/46/47/48/49/50/51/52/53/54/55/56/57/58/59/60/61/62//63/64//65/66/67/68/69/70/71/72/73/74/75/76/77/78/79/80/81/82/83//84/85/86/87/88/89/90/91//92/93/94/95/96/97/98/99/100/101/102/103/104/105/106/107/108/109/110/111/112/113/114//115/116/117/118/119//150/151/152/153/154/155/156/157/158/159/160/161/162/163/164/165/166/167/168/169/170/171/172//173/174//175/176/177/178/179/180/181/182/183/184/185/186/187/188/189/190/191/192/193/194/195/196/197/198/199/200/201/202/203/204/205/206/207/208/209/210/211/212//213/214//215/216/217/218/219/220/221/222/223/224/225/226/227/228/229/230/231/232/233/234/235/236/237/238/239/240/241/242//243/244/245/246/247/248//249/250/251/252/253/254/255/256/257/258/259/260/261/262/263/264/265/266/267/268/269/270/271/272/273/274/275/276/277/278/279/280//281/282/283/284/285/286/287/288//289/290/291/292/293/294/295/296/297/298/299/300/301/302/303/304/305/306/307/308/309/310/311/312/313//314/315/316/317/318/319/320/321/322/323/324/325/326/327/328//329/330/331/332/333/334/335/336/337/338//339/340/341/342/343/344/345/346/347/348//349/350/351/352/353/354/355/356/357/358//646/647/648/649/650/651/652/653/654/655//359/360/361/362/363/364/365/366/367/368,-1.7976931348623157e+308,False,False,0.0053268340716030906
65,9.0,0.2,-10237491.0,120/121/122/123/124/125/126/127/128/129/130/131/132/133/134/135/136/137/138/139/140/141/142/143/144/145/146/147/148/149//432/433/434/435/436/437/438/439/440/441/442/443/444/445/446/447/448/449/450/451/452/453/454/455/456/457/458/459/460/461/462/463/464/465/466/467/468/469/470/471/472//625/626/627/628/629/630/631/632/633/634/635/636/637/638/639/640/641/642/643/644/645//604/605/606/607/608/609/610/611/612/613/614/615/616/617/618/619/620/621/622/623/624//656/657/658/659/660/661/662/663/664/665//666/667/668/669/670/671/672/673/674/675//676/677/678/679/680/681/682/683/684/685//0/1/2/3/4/5/6/7/8/9//10/11/12/13/14/15/16/17/18/19//686/687/688/689/690/691/692/693/694/695//20/21/22/23/24/25/26/27/28/29/30/31/32/33/34//35/36/37/38/39//40/41/42/43/44/45/46/47/48/49/50/51/52/53/54/55/56/57/58/59/60/61/62//63/64//65/66/67/68/69/70/71/72/73/74/75/76/77/78/79/80/81/82/83//84/85/86/87/88/89/90/91//92/93/94/95/96/97/98/99/100/101/102/103/104/105/106/107/108/109/110/111/112/113/114//115/116/117/118/119//150/151/152/153/154/155/156/157/158/159/160/161/162/163/164/165/166/167/168/169/170/171/172//173/174//175/176/177/178/179/180/181/182/183/184/185/186/187/188/189/190/191/192/193/194/195/196/197/198/199/200/201/202/203/204/205/206/207/208/209/210/211/212//213/214//215/216/217/218/219/220/221/222/223/224/225/226/227/228/229/230/231/232/233/234/235/236/237/238/239/240/241/242//243/244/245/246/247/248//249/250/251/252/253/254/255/256/257/258/259/260/261/262/263/264/265/266/267/268/269/270/271/272/273/274/275/276/277/278/279/280//281/282/283/284/285/286/287/288//289/290/291/292/293/294/295/296/297/298/299/300/301/302/303/304/305/306/307/308/309/310/311/312/313//314/315/316/317/318/319/320/321/322/323/324/325/326/327/328//329/330/331/332/333/334/335/336/337/338//339/340/341/342/343/344/345/346/347/348//349/350/351/352/353/354/355/356/357/358//646/647/648/649/650/651/652/653/654/655//359/360/361/362/363/364/365/366/367/368,-1.7976931348623157e+308,False,False,0.06552193754399521
84,10.0,0.2,-10254350.0,120/121/122/123/124/125/126/127/128/129/130/131/132/133/134/135/136/137/138/139/140/141/142/143/144/145/146/147/148/149//432/433/434/435/436/437/438/439/440/441/442/443/444/445/446/447/448/449/450/451/452/453/454/455/456/457/458/459/460/461/462/463/464/465/466/467/468/469/470/471/472//625/626/627/628/629/630/631/632/633/634/635/636/637/638/639/640/641/642/643/644/645//604/605/606/607/608/609/610/611/612/613/614/615/616/617/618/619/620/621/622/623/624//656/657/658/659/660/661/662/663/664/665//666/667/668/669/670/671/672/673/674/675//676/677/678/679/680/681/682/683/684/685//0/1/2/3/4/5/6/7/8/9//10/11/12/13/14/15/16/17/18/19//686/687/688/689/690/691/692/693/694/695//20/21/22/23/24/25/26/27/28/29/30/31/32/33/34//35/36/37/38/39//40/41/42/43/44/45/46/47/48/49/50/51/52/53/54/55/56/57/58/59/60/61/62//63/64//65/66/67/68/69/70/71/72/73/74/75/76/77/78/79/80/81/82/83//84/85/86/87/88/89/90/91//92/93/94/95/96/97/98/99/100/101/102/103/104/105/106/107/108/109/110/111/112/113/114//115/116/117/118/119//150/151/152/153/154/155/156/157/158/159/160/161/162/163/164/165/166/167/168/169/170/171/172//173/174//175/176/177/178/179/180/181/182/183/184/185/186/187/188/189/190/191/192/193/194/195/196/197/198/199/200/201/202/203/204/205/206/207/208/209/210/211/212//213/214//215/216/217/218/219/220/221/222/223/224/225/226/227/228/229/230/231/232/233/234/235/236/237/238/239/240/241/242//243/244/245/246/247/248//249/250/251/252/253/254/255/256/257/258/259/260/261/262/263/264/265/266/267/268/269/270/271/272/273/274/275/276/277/278/279/280//281/282/283/284/285/286/287/288//289/290/291/292/293/294/295/296/297/298/299/300/301/302/303/304/305/306/307/308/309/310/311/312/313//314/315/316/317/318/319/320/321/322/323/324/325/326/327/328//329/330/331/332/333/334/335/336/337/338//339/340/341/342/343/344/345/346/347/348//349/350/351/352/353/354/355/356/357/358//646/647/648/649/650/651/652/653/654/655//359/360/361/362/363/364/365/366/367/368,-1.7976931348623157e+308,False,False,0.09231826052541812
92,11.0,0.2,-10798579.0,120/121/122/123/124/125/126/127/128/129/130/131/132/133/134/135/136/137/138/139/140/141/142/143/144/145/146/147/148/149//432/433/434/435/436/437/438/439/440/441/442/443/444/445/446/447/448/449/450/451/452/453/454/455/456/457/458/459/460/461/462/463/464/465/466/467/468/469/470/471/472//625/626/627/628/629/630/631/632/633/634/635/636/637/638/639/640/641/642/643/644/645//604/605/606/607/608/609/610/611/612/613/614/615/616/617/618/619/620/621/622/623/624//656/657/658/659/660/661/662/663/664/665//666/667/668/669/670/671/672/673/674/675//676/677/678/679/680/681/682/683/684/685//0/1/2/3/4/5/6/7/8/9//10/11/12/13/14/15/16/17/18/19//686/687/688/689/690/691/692/693/694/695//20/21/22/23/24/25/26/27/28/29/30/31/32/33/34//35/36/37/38/39//40/41/42/43/44/45/46/47/48/49/50/51/52/53/54/55/56/57/58/59/60/61/62//63/64//65/66/67/68/69/70/71/72/73/74/75/76/77/78/79/80/81/82/83//84/85/86/87/88/89/90/91//92/93/94/95/96/97/98/99/100/101/102/103/104/105/106/107/108/109/110/111/112/113/114//115/116/117/118/119//150/151/152/153/154/155/156/157/158/159/160/161/162/163/164/165/166/167/168/169/170/171/172//173/174//175/176/177/178/179/180/181/182/183/184/185/186/187/188/189/190/191/192/193/194/195/196/197/198/199/200/201/202/203/204/205/206/207/208/209/210/211/212//213/214//215/216/217/218/219/220/221/222/223/224/225/226/227/228/229/230/231/232/233/234/235/236/237/238/239/240/241/242//243/244/245/246/247/248//249/250/251/252/253/254/255/256/257/258/259/260/261/262/263/264/265/266/267/268/269/270/271/272/273/274/275/276/277/278/279/280//281/282/283/284/285/286/287/288//289/290/291/292/293/294/295/296/297/298/299/300/301/302/303/304/305/306/307/308/309/310/311/312/313//314/315/316/317/318/319/320/321/322/323/324/325/326/327/328//329/330/331/332/333/334/335/336/337/338//339/340/341/342/343/344/345/346/347/348//349/350/351/352/353/354/355/356/357/358//646/647/648/649/650/651/652/653/654/655//359/360/361/362/363/364/365/366/367/368,-1.7976931348623157e+308,False,False,0.16612046108156234
115,12.0,0.2,-10371108.0,120/121/122/123/124/125/126/127/128/129/130/131/132/133/134/135/136/137/138/139/140/141/142/143/144/145/146/147/148/149//432/433/434/435/436/437/438/439/440/441/442/443/444/445/446/447/448/449/450/451/452/453/454/455/456/457/458/459/460/461/462/463/464/465/466/467/468/469/470/471/472//625/626/627/628/629/630/631/632/633/634/635/636/637/638/639/640/641/642/643/644/645//604/605/606/607/608/609/610/611/612/613/614/615/616/617/618/619/620/621/622/623/624//656/657/658/659/660/661/662/663/664/665//666/667/668/669/670/671/672/673/674/675//676/677/678/679/680/681/682/683/684/685//0/1/2/3/4/5/6/7/8/9//10/11/12/13/14/15/16/17/18/19//686/687/688/689/690/691/692/693/694/695//20/21/22/23/24/25/26/27/28/29/30/31/32/33/34//35/36/37/38/39//40/41/42/43/44/45/46/47/48/49/50/51/52/53/54/55/56/57/58/59/60/61/62//63/64//65/66/67/68/69/70/71/72/73/74/75/76/77/78/79/80/81/82/83//84/85/86/87/88/89/90/91//92/93/94/95/96/97/98/99/100/101/102/103/104/105/106/107/108/109/110/111/112/113/114//115/116/117/118/119//150/151/152/153/154/155/156/157/158/159/160/161/162/163/164/165/166/167/168/169/170/171/172//173/174//175/176/177/178/179/180/181/182/183/184/185/186/187/188/189/190/191/192/193/194/195/196/197/198/199/200/201/202/203/204/205/206/207/208/209/210/211/212//213/214//215/216/217/218/219/220/221/222/223/224/225/226/227/228/229/230/231/232/233/234/235/236/237/238/239/240/241/242//243/244/245/246/247/248//249/250/251/252/253/254/255/256/257/258/259/260/261/262/263/264/265/266/267/268/269/270/271/272/273/274/275/276/277/278/279/280//281/282/283/284/285/286/287/288//289/290/291/292/293/294/295/296/297/298/299/300/301/302/303/304/305/306/307/308/309/310/311/312/313//314/315/316/317/318/319/320/321/322/323/324/325/326/327/328//329/330/331/332/333/334/335/336/337/338//339/340/341/342/343/344/345/346/347/348//349/350/351/352/353/354/355/356/357/358//646/647/648/649/650/651/652/653/654/655//359/360/361/362/363/364/365/366/367/368,-1.7976931348623157e+308,False,False,0.14789848870668496
150,15.0,0.2,-7718760.0,120/121/122/123/124/125/126/127/128/129/130/131/132/133/134/135/136/137/138/139/140/141/142/143/144/145/146/147/148/149//432/433/434/435/436/437/438/439/440/441/442/443/444/445/446/447/448/449/450/451/452/453/454/455/456/457/458/459/460/461/462/463/464/465/466/467/468/469/470/471/472//625/626/627/628/629/630/631/632/633/634/635/636/637/638/639/640/641/642/643/644/645//604/605/606/607/608/609/610/611/612/613/614/615/616/617/618/619/620/621/622/623/624//656/657/658/659/660/661/662/663/664/665//666/667/668/669/670/671/672/673/674/675//676/677/678/679/680/681/682/683/684/685//0/1/2/3/4/5/6/7/8/9//10/11/12/13/14/15/16/17/18/19//686/687/688/689/690/691/692/693/694/695//20/21/22/23/24/25/26/27/28/29/30/31/32/33/34//35/36/37/38/39//40/41/42/43/44/45/46/47/48/49/50/51/52/53/54/55/56/57/58/59/60/61/62//63/64//65/66/67/68/69/70/71/72/73/74/75/76/77/78/79/80/81/82/83//84/85/86/87/88/89/90/91//92/93/94/95/96/97/98/99/100/101/102/103/104/105/106/107/108/109/110/111/112/113/114//115/116/117/118/119//150/151/152/153/154/155/156/157/158/159/160/161/162/163/164/165/166/167/168/169/170/171/172//173/174//175/176/177/178/179/180/181/182/183/184/185/186/187/188/189/190/191/192/193/194/195/196/197/198/199/200/201/202/203/204/205/206/207/208/209/210/211/212//213/214//215/216/217/218/219/220/221/222/223/224/225/226/227/228/229/230/231/232/233/234/235/236/237/238/239/240/241/242//243/244/245/246/247/248//249/250/251/252/253/254/255/256/257/258/259/260/261/262/263/264/265/266/267/268/269/270/271/272/273/274/275/276/277/278/279/280//281/282/283/284/285/286/287/288//289/290/291/292/293/294/295/296/297/298/299/300/301/302/303/304/305/306/307/308/309/310/311/312/313//314/315/316/317/318/319/320/321/322/323/324/325/326/327/328//329/330/331/332/333/334/335/336/337/338//339/340/341/342/343/344/345/346/347/348//349/350/351/352/353/354/355/356/357/358//646/647/648/649/650/651/652/653/654/655//359/360/361/362/363/364/365/366/367/368,-1.7976931348623157e+308,False,False,0.023126705787112168
173,16.0,0.2,-9021200.0,120/121/122/123/124/125/126/127/128/129/130/131/132/133/134/135/136/137/138/139/140/141/142/143/144/145/146/147/148/149//432/433/434/435/436/437/438/439/440/441/442/443/444/445/446/447/448/449/450/451/452/453/454/455/456/457/458/459/460/461/462/463/464/465/466/467/468/469/470/471/472//625/626/627/628/629/630/631/632/633/634/635/636/637/638/639/640/641/642/643/644/645//604/605/606/607/608/609/610/611/612/613/614/615/616/617/618/619/620/621/622/623/624//656/657/658/659/660/661/662/663/664/665//666/667/668/669/670/671/672/673/674/675//676/677/678/679/680/681/682/683/684/685//0/1/2/3/4/5/6/7/8/9//10/11/12/13/14/15/16/17/18/19//686/687/688/689/690/691/692/693/694/695//20/21/22/23/24/25/26/27/28/29/30/31/32/33/34//35/36/37/38/39//40/41/42/43/44/45/46/47/48/49/50/51/52/53/54/55/56/57/58/59/60/61/62//63/64//65/66/67/68/69/70/71/72/73/74/75/76/77/78/79/80/81/82/83//84/85/86/87/88/89/90/91//92/93/94/95/96/97/98/99/100/101/102/103/104/105/106/107/108/109/110/111/112/113/114//115/116/117/118/119//150/151/152/153/154/155/156/157/158/159/160/161/162/163/164/165/166/167/168/169/170/171/172//173/174//175/176/177/178/179/180/181/182/183/184/185/186/187/188/189/190/191/192/193/194/195/196/197/198/199/200/201/202/203/204/205/206/207/208/209/210/211/212//213/214//215/216/217/218/219/220/221/222/223/224/225/226/227/228/229/230/231/232/233/234/235/236/237/238/239/240/241/242//243/244/245/246/247/248//249/250/251/252/253/254/255/256/257/258/259/260/261/262/263/264/265/266/267/268/269/270/271/272/273/274/275/276/277/278/279/280//281/282/283/284/285/286/287/288//289/290/291/292/293/294/295/296/297/298/299/300/301/302/303/304/305/306/307/308/309/310/311/312/313//314/315/316/317/318/319/320/321/322/323/324/325/326/327/328//329/330/331/332/333/334/335/336/337/338//339/340/341/342/343/344/345/346/347/348//349/350/351/352/353/354/355/356/357/358//646/647/648/649/650/651/652/653/654/655//359/360/361/362/363/364/365/366/367/368,-1.7976931348623157e+308,False,False,0.2112244891708883
175,17.0,0.2,-9910167.0,120/121/122/123/124/125/126/127/128/129/130/131/132/133/134/135/136/137/138/139/140/141/142/143/144/145/146/147/148/149//432/433/434/435/436/437/438/439/440/441/442/443/444/445/446/447/448/449/450/451/452/453/454/455/456/457/458/459/460/461/462/463/464/465/466/467/468/469/470/471/472//625/626/627/628/629/630/631/632/633/634/635/636/637/638/639/640/641/642/643/644/645//604/605/606/607/608/609/610/611/612/613/614/615/616/617/618/619/620/621/622/623/624//656/657/658/659/660/661/662/663/664/665//666/667/668/669/670/671/672/673/674/675//676/677/678/679/680/681/682/683/684/685//0/1/2/3/4/5/6/7/8/9//10/11/12/13/14/15/16/17/18/19//686/687/688/689/690/691/692/693/694/695//20/21/22/23/24/25/26/27/28/29/30/31/32/33/34//35/36/37/38/39//40/41/42/43/44/45/46/47/48/49/50/51/52/53/54/55/56/57/58/59/60/61/62//63/64//65/66/67/68/69/70/71/72/73/74/75/76/77/78/79/80/81/82/83//84/85/86/87/88/89/90/91//92/93/94/95/96/97/98/99/100/101/102/103/104/105/106/107/108/109/110/111/112/113/114//115/116/117/118/119//150/151/152/153/154/155/156/157/158/159/160/161/162/163/164/165/166/167/168/169/170/171/172//173/174//175/176/177/178/179/180/181/182/183/184/185/186/187/188/189/190/191/192/193/194/195/196/197/198/199/200/201/202/203/204/205/206/207/208/209/210/211/212//213/214//215/216/217/218/219/220/221/222/223/224/225/226/227/228/229/230/231/232/233/234/235/236/237/238/239/240/241/242//243/244/245/246/247/248//249/250/251/252/253/254/255/256/257/258/259/260/261/262/263/264/265/266/267/268/269/270/271/272/273/274/275/276/277/278/279/280//281/282/283/284/285/286/287/288//289/290/291/292/293/294/295/296/297/298/299/300/301/302/303/304/305/306/307/308/309/310/311/312/313//314/315/316/317/318/319/320/321/322/323/324/325/326/327/328//329/330/331/332/333/334/335/336/337/338//339/340/341/342/343/344/345/346/347/348//349/350/351/352/353/354/355/356/357/358//646/647/648/649/650/651/652/653/654/655//359/360/361/362/363/364/365/366/367/368,-1.7976931348623157e+308,False,False,0.2696987435534685
213,18.0,0.2,-9415458.0,120/121/122/123/124/125/126/127/128/129/130/131/132/133/134/135/136/137/138/139/140/141/142/143/144/145/146/147/148/149//432/433/434/435/436/437/438/439/440/441/442/443/444/445/446/447/448/449/450/451/452/453/454/455/456/457/458/459/460/461/462/463/464/465/466/467/468/469/470/471/472//625/626/627/628/629/630/631/632/633/634/635/636/637/638/639/640/641/642/643/644/645//604/605/606/607/608/609/610/611/612/613/614/615/616/617/618/619/620/621/622/623/624//656/657/658/659/660/661/662/663/664/665//666/667/668/669/670/671/672/673/674/675//676/677/678/679/680/681/682/683/684/685//0/1/2/3/4/5/6/7/8/9//10/11/12/13/14/15/16/17/18/19//686/687/688/689/690/691/692/693/694/695//20/21/22/23/24/25/26/27/28/29/30/31/32/33/34//35/36/37/38/39//40/41/42/43/44/45/46/47/48/49/50/51/52/53/54/55/56/57/58/59/60/61/62//63/64//65/66/67/68/69/70/71/72/73/74/75/76/77/78/79/80/81/82/83//84/85/86/87/88/89/90/91//92/93/94/95/96/97/98/99/100/101/102/103/104/105/106/107/108/109/110/111/112/113/114//115/116/117/118/119//150/151/152/153/154/155/156/157/158/159/160/161/162/163/164/165/166/167/168/169/170/171/172//173/174//175/176/177/178/179/180/181/182/183/184/185/186/187/188/189/190/191/192/193/194/195/196/197/198/199/200/201/202/203/204/205/206/207/208/209/210/211/212//213/214//215/216/217/218/219/220/221/222/223/224/225/226/227/228/229/230/231/232/233/234/235/236/237/238/239/240/241/242//243/244/245/246/247/248//249/250/251/252/253/254/255/256/257/258/259/260/261/262/263/264/265/266/267/268/269/270/271/272/273/274/275/276/277/278/279/280//281/282/283/284/285/286/287/288//289/290/291/292/293/294/295/296/297/298/299/300/301/302/303/304/305/306/307/308/309/310/311/312/313//314/315/316/317/318/319/320/321/322/323/324/325/326/327/328//329/330/331/332/333/334/335/336/337/338//339/340/341/342/343/344/345/346/347/348//349/350/351/352/353/354/355/356/357/358//646/647/648/649/650/651/652/653/654/655//359/360/361/362/363/364/365/366/367/368,-1.7976931348623157e+308,False,False,0.17914211709639544
215,19.0,0.2,-9311957.0,120/121/122/123/124/125/126/127/128/129/130/131/132/133/134/135/136/137/138/139/140/141/142/143/144/145/146/147/148/149//432/433/434/435/436/437/438/439/440/441/442/443/444/445/446/447/448/449/450/451/452/453/454/455/456/457/458/459/460/461/462/463/464/465/466/467/468/469/470/471/472//625/626/627/628/629/630/631/632/633/634/635/636/637/638/639/640/641/642/643/644/645//604/605/606/607/608/609/610/611/612/613/614/615/616/617/618/619/620/621/622/623/624//656/657/658/659/660/661/662/663/664/665//666/667/668/669/670/671/672/673/674/675//676/677/678/679/680/681/682/683/684/685//0/1/2/3/4/5/6/7/8/9//10/11/12/13/14/15/16/17/18/19//686/687/688/689/690/691/692/693/694/695//20/21/22/23/24/25/26/27/28/29/30/31/32/33/34//35/36/37/38/39//40/41/42/43/44/45/46/47/48/49/50/51/52/53/54/55/56/57/58/59/60/61/62//63/64//65/66/67/68/69/70/71/72/73/74/75/76/77/78/79/80/81/82/83//84/85/86/87/88/89/90/91//92/93/94/95/96/97/98/99/100/101/102/103/104/105/106/107/108/109/110/111/112/113/114//115/116/117/118/119//150/151/152/153/154/155/156/157/158/159/160/161/162/163/164/165/166/167/168/169/170/171/172//173/174//175/176/177/178/179/180/181/182/183/184/185/186/187/188/189/190/191/192/193/194/195/196/197/198/199/200/201/202/203/204/205/206/207/208/209/210/211/212//213/214//215/216/217/218/219/220/221/222/223/224/225/226/227/228/229/230/231/232/233/234/235/236/237/238/239/240/241/242//243/244/245/246/247/248//249/250/251/252/253/254/255/256/257/258/259/260/261/262/263/264/265/266/267/268/269/270/271/272/273/274/275/276/277/278/279/280//281/282/283/284/285/286/287/288//289/290/291/292/293/294/295/296/297/298/299/300/301/302/303/304/305/306/307/308/309/310/311/312/313//314/315/316/317/318/319/320/321/322/323/324/325/326/327/328//329/330/331/332/333/334/335/336/337/338//339/340/341/342/343/344/345/346/347/348//349/350/351/352/353/354/355/356/357/358//646/647/648/649/650/651/652/653/654/655//359/360/361/362/363/364/365/366/367/368,-1.7976931348623157e+308,False,False,0.11502053044391207
243,20.0,0.2,-9209900.0,120/121/122/123/124/125/126/127/128/129/130/131/132/133/134/135/136/137/138/139/140/141/142/143/144/145/146/147/148/149//432/433/434/435/436/437/438/439/440/441/442/443/444/445/446/447/448/449/450/451/452/453/454/455/456/457/458/459/460/461/462/463/464/465/466/467/468/469/470/471/472//625/626/627/628/629/630/631/632/633/634/635/636/637/638/639/640/641/642/643/644/645//604/605/606/607/608/609/610/611/612/613/614/615/616/617/618/619/620/621/622/623/624//656/657/658/659/660/661/662/663/664/665//666/667/668/669/670/671/672/673/674/675//676/677/678/679/680/681/682/683/684/685//0/1/2/3/4/5/6/7/8/9//10/11/12/13/14/15/16/17/18/19//686/687/688/689/690/691/692/693/694/695//20/21/22/23/24/25/26/27/28/29/30/31/32/33/34//35/36/37/38/39//40/41/42/43/44/45/46/47/48/49/50/51/52/53/54/55/56/57/58/59/60/61/62//63/64//65/66/67/68/69/70/71/72/73/74/75/76/77/78/79/80/81/82/83//84/85/86/87/88/89/90/91//92/93/94/95/96/97/98/99/100/101/102/103/104/105/106/107/108/109/110/111/112/113/114//115/116/117/118/119//150/151/152/153/154/155/156/157/158/159/160/161/162/163/164/165/166/167/168/169/170/171/172//173/174//175/176/177/178/179/180/181/182/183/184/185/186/187/188/189/190/191/192/193/194/195/196/197/198/199/200/201/202/203/204/205/206/207/208/209/210/211/212//213/214//215/216/217/218/219/220/221/222/223/224/225/226/227/228/229/230/231/232/233/234/235/236/237/238/239/240/241/242//243/244/245/246/247/248//249/250/251/252/253/254/255/256/257/258/259/260/261/262/263/264/265/266/267/268/269/270/271/272/273/274/275/276/277/278/279/280//281/282/283/284/285/286/287/288//289/290/291/292/293/294/295/296/297/298/299/300/301/302/303/304/305/306/307/308/309/310/311/312/313//314/315/316/317/318/319/320/321/322/323/324/325/326/327/328//329/330/331/332/333/334/335/336/337/338//339/340/341/342/343/344/345/346/347/348//349/350/351/352/353/354/355/356/357/358//646/647/648/649/650/651/652/653/654/655//359/360/361/362/363/364/365/366/367/368,-1.7976931348623157e+308,False,False,0.034662964745959535
249,21.0,0.2,-9138129.0,120/121/122/123/124/125/126/127/128/129/130/131/132/133/134/135/136/137/138/139/140/141/142/143/144/145/146/147/148/149//432/433/434/435/436/437/438/439/440/441/442/443/444/445/446/447/448/449/450/451/452/453/454/455/456/457/458/459/460/461/462/463/464/465/466/467/468/469/470/471/472//625/626/627/628/629/630/631/632/633/634/635/636/637/638/639/640/641/642/643/644/645//604/605/606/607/608/609/610/611/612/613/614/615/616/617/618/619/620/621/622/623/624//656/657/658/659/660/661/662/663/664/665//666/667/668/669/670/671/672/673/674/675//676/677/678/679/680/681/682/683/684/685//0/1/2/3/4/5/6/7/8/9//10/11/12/13/14/15/16/17/18/19//686/687/688/689/690/691/692/693/694/695//20/21/22/23/24/25/26/27/28/29/30/31/32/33/34//35/36/37/38/39//40/41/42/43/44/45/46/47/48/49/50/51/52/53/54/55/56/57/58/59/60/61/62//63/64//65/66/67/68/69/70/71/72/73/74/75/76/77/78/79/80/81/82/83//84/85/86/87/88/89/90/91//92/93/94/95/96/97/98/99/100/101/102/103/104/105/106/107/108/109/110/111/112/113/114//115/116/117/118/119//150/151/152/153/154/155/156/157/158/159/160/161/162/163/164/165/166/167/168/169/170/171/172//173/174//175/176/177/178/179/180/181/182/183/184/185/186/187/188/189/190/191/192/193/194/195/196/197/198/199/200/201/202/203/204/205/206/207/208/209/210/211/212//213/214//215/216/217/218/219/220/221/222/223/224/225/226/227/228/229/230/231/232/233/234/235/236/237/238/239/240/241/242//243/244/245/246/247/248//249/250/251/252/253/254/255/256/257/258/259/260/261/262/263/264/265/266/267/268/269/270/271/272/273/274/275/276/277/278/279/280//281/282/283/284/285/286/287/288//289/290/291/292/293/294/295/296/297/298/299/300/301/302/303/304/305/306/307/308/309/310/311/312/313//314/315/316/317/318/319/320/321/322/323/324/325/326/327/328//329/330/331/332/333/334/335/336/337/338//339/340/341/342/343/344/345/346/347/348//349/350/351/352/353/354/355/356/357/358//646/647/648/649/650/651/652/653/654/655//359/360/361/362/363/364/365/366/367/368,-1.7976931348623157e+308,False,False,0.057083211206843176
281,22.0,0.2,-8355358.0,120/121/122/123/124/125/126/127/128/129/130/131/132/133/134/135/136/137/138/139/140/141/142/143/144/145/146/147/148/149//432/433/434/435/436/437/438/439/440/441/442/443/444/445/446/447/448/449/450/451/452/453/454/455/456/457/458/459/460/461/462/463/464/465/466/467/468/469/470/471/472//625/626/627/628/629/630/631/632/633/634/635/636/637/638/639/640/641/642/643/644/645//604/605/606/607/608/609/610/611/612/613/614/615/616/617/618/619/620/621/622/623/624//656/657/658/659/660/661/662/663/664/665//666/667/668/669/670/671/672/673/674/675//676/677/678/679/680/681/682/683/684/685//0/1/2/3/4/5/6/7/8/9//10/11/12/13/14/15/16/17/18/19//686/687/688/689/690/691/692/693/694/695//20/21/22/23/24/25/26/27/28/29/30/31/32/33/34//35/36/37/38/39//40/41/42/43/44/45/46/47/48/49/50/51/52/53/54/55/56/57/58/59/60/61/62//63/64//65/66/67/68/69/70/71/72/73/74/75/76/77/78/79/80/81/82/83//84/85/86/87/88/89/90/91//92/93/94/95/96/97/98/99/100/101/102/103/104/105/106/107/108/109/110/111/112/113/114//115/116/117/118/119//150/151/152/153/154/155/156/157/158/159/160/161/162/163/164/165/166/167/168/169/170/171/172//173/174//175/176/177/178/179/180/181/182/183/184/185/186/187/188/189/190/191/192/193/194/195/196/197/198/199/200/201/202/203/204/205/206/207/208/209/210/211/212//213/214//215/216/217/218/219/220/221/222/223/224/225/226/227/228/229/230/231/232/233/234/235/236/237/238/239/240/241/242//243/244/245/246/247/248//249/250/251/252/253/254/255/256/257/258/259/260/261/262/263/264/265/266/267/268/269/270/271/272/273/274/275/276/277/278/279/280//281/282/283/284/285/286/287/288//289/290/291/292/293/294/295/296/297/298/299/300/301/302/303/304/305/306/307/308/309/310/311/312/313//314/315/316/317/318/319/320/321/322/323/324/325/326/327/328//329/330/331/332/333/334/335/336/337/338//339/340/341/342/343/344/345/346/347/348//349/350/351/352/353/354/355/356/357/358//646/647/648/649/650/651/652/653/654/655//359/360/361/362/363/364/365/366/367/368,-1.7976931348623157e+308,False,False,0.25799711853365576
289,23.0,0.2,-9440672.0,120/121/122/123/124/125/126/127/128/129/130/131/132/133/134/135/136/137/138/139/140/141/142/143/144/145/146/147/148/149//432/433/434/435/436/437/438/439/440/441/442/443/444/445/446/447/448/449/450/451/452/453/454/455/456/457/458/459/460/461/462/463/464/465/466/467/468/469/470/471/472//625/626/627/628/629/630/631/632/633/634/635/636/637/638/639/640/641/642/643/644/645//604/605/606/607/608/609/610/611/612/613/614/615/616/617/618/619/620/621/622/623/624//656/657/658/659/660/661/662/663/664/665//666/667/668/669/670/671/672/673/674/675//676/677/678/679/680/681/682/683/684/685//0/1/2/3/4/5/6/7/8/9//10/11/12/13/14/15/16/17/18/19//686/687/688/689/690/691/692/693/694/695//20/21/22/23/24/25/26/27/28/29/30/31/32/33/34//35/36/37/38/39//40/41/42/43/44/45/46/47/48/49/50/51/52/53/54/55/56/57/58/59/60/61/62//63/64//65/66/67/68/69/70/71/72/73/74/75/76/77/78/79/80/81/82/83//84/85/86/87/88/89/90/91//92/93/94/95/96/97/98/99/100/101/102/103/104/105/106/107/108/109/110/111/112/113/114//115/116/117/118/119//150/151/152/153/154/155/156/157/158/159/160/161/162/163/164/165/166/167/168/169/170/171/172//173/174//175/176/177/178/179/180/181/182/183/184/185/186/187/188/189/190/191/192/193/194/195/196/197/198/199/200/201/202/203/204/205/206/207/208/209/210/211/212//213/214//215/216/217/218/219/220/221/222/223/224/225/226/227/228/229/230/231/232/233/234/235/236/237/238/239/240/241/242//243/244/245/246/247/248//249/250/251/252/253/254/255/256/257/258/259/260/261/262/263/264/265/266/267/268/269/270/271/272/273/274/275/276/277/278/279/280//281/282/283/284/285/286/287/288//289/290/291/292/293/294/295/296/297/298/299/300/301/302/303/304/305/306/307/308/309/310/311/312/313//314/315/316/317/318/319/320/321/322/323/324/325/326/327/328//329/330/331/332/333/334/335/336/337/338//339/340/341/342/343/344/345/346/347/348//349/350/351/352/353/354/355/356/357/358//646/647/648/649/650/651/652/653/654/655//359/360/361/362/363/364/365/366/367/368,-1.7976931348623157e+308,False,False,0.1828354653896795
314,24.0,0.2,-8312232.0,120/121/122/123/124/125/126/127/128/129/130/131/132/133/134/135/136/137/138/139/140/141/142/143/144/145/146/147/148/149//432/433/434/435/436/437/438/439/440/441/442/443/444/445/446/447/448/449/450/451/452/453/454/455/456/457/458/459/460/461/462/463/464/465/466/467/468/469/470/471/472//625/626/627/628/629/630/631/632/633/634/635/636/637/638/639/640/641/642/643/644/645//604/605/606/607/608/609/610/611/612/613/614/615/616/617/618/619/620/621/622/623/624//656/657/658/659/660/661/662/663/664/665//666/667/668/669/670/671/672/673/674/675//676/677/678/679/680/681/682/683/684/685//0/1/2/3/4/5/6/7/8/9//10/11/12/13/14/15/16/17/18/19//686/687/688/689/690/691/692/693/694/695//20/21/22/23/24/25/26/27/28/29/30/31/32/33/34//35/36/37/38/39//40/41/42/43/44/45/46/47/48/49/50/51/52/53/54/55/56/57/58/59/60/61/62//63/64//65/66/67/68/69/70/71/72/73/74/75/76/77/78/79/80/81/82/83//84/85/86/87/88/89/90/91//92/93/94/95/96/97/98/99/100/101/102/103/104/105/106/107/108/109/110/111/112/113/114//115/116/117/118/119//150/151/152/153/154/155/156/157/158/159/160/161/162/163/164/165/166/167/168/169/170/171/172//173/174//175/176/177/178/179/180/181/182/183/184/185/186/187/188/189/190/191/192/193/194/195/196/197/198/199/200/201/202/203/204/205/206/207/208/209/210/211/212//213/214//215/216/217/218/219/220/221/222/223/224/225/226/227/228/229/230/231/232/233/234/235/236/237/238/239/240/241/242//243/244/245/246/247/248//249/250/251/252/253/254/255/256/257/258/259/260/261/262/263/264/265/266/267/268/269/270/271/272/273/274/275/276/277/278/279/280//281/282/283/284/285/286/287/288//289/290/291/292/293/294/295/296/297/298/299/300/301/302/303/304/305/306/307/308/309/310/311/312/313//314/315/316/317/318/319/320/321/322/323/324/325/326/327/328//329/330/331/332/333/334/335/336/337/338//339/340/341/342/343/344/345/346/347/348//349/350/351/352/353/354/355/356/357/358//646/647/648/649/650/651/652/653/654/655//359/360/361/362/363/364/365/366/367/368,-1.7976931348623157e+308,False,False,0.4631089272555492
329,3.0,0.9,-3937797.0,120/121/122/123/124/125/126/127/128/129/130/131/132/133/134/135/136/137/138/139/140/141/142/143/144/145/146/147/148/149//432/433/434/435/436/437/438/439/440/441/442/443/444/445/446/447/448/449/450/451/452/453/454/455/456/457/458/459/460/461/462/463/464/465/466/467/468/469/470/471/472//625/626/627/628/629/630/631/632/633/634/635/636/637/638/639/640/641/642/643/644/645//604/605/606/607/608/609/610/611/612/613/614/615/616/617/618/619/620/621/622/623/624//656/657/658/659/660/661/662/663/664/665//666/667/668/669/670/671/672/673/674/675//676/677/678/679/680/681/682/683/684/685//0/1/2/3/4/5/6/7/8/9//10/11/12/13/14/15/16/17/18/19//686/687/688/689/690/691/692/693/694/695//20/21/22/23/24/25/26/27/28/29/30/31/32/33/34//35/36/37/38/39//40/41/42/43/44/45/46/47/48/49/50/51/52/53/54/55/56/57/58/59/60/61/62//63/64//65/66/67/68/69/70/71/72/73/74/75/76/77/78/79/80/81/82/83//84/85/86/87/88/89/90/91//92/93/94/95/96/97/98/99/100/101/102/103/104/105/106/107/108/109/110/111/112/113/114//115/116/117/118/119//150/151/152/153/154/155/156/157/158/159/160/161/162/163/164/165/166/167/168/169/170/171/172//173/174//175/176/177/178/179/180/181/182/183/184/185/186/187/188/189/190/191/192/193/194/195/196/197/198/199/200/201/202/203/204/205/206/207/208/209/210/211/212//213/214//215/216/217/218/219/220/221/222/223/224/225/226/227/228/229/230/231/232/233/234/235/236/237/238/239/240/241/242//243/244/245/246/247/248//249/250/251/252/253/254/255/256/257/258/259/260/261/262/263/264/265/266/267/268/269/270/271/272/273/274/275/276/277/278/279/280//281/282/283/284/285/286/287/288//289/290/291/292/293/294/295/296/297/298/299/300/301/302/303/304/305/306/307/308/309/310/311/312/313//314/315/316/317/318/319/320/321/322/323/324/325/326/327/328//329/330/331/332/333/334/335/336/337/338//339/340/341/342/343/344/345/346/347/348//349/350/351/352/353/354/355/356/357/358//646/647/648/649/650/651/652/653/654/655//359/360/361/362/363/364/365/366/367/368,-1.7976931348623157e+308,False,False,0.3881958386635825
339,4.0,0.9,-2195600.0,120/121/122/123/124/125/126/127/128/129/130/131/132/133/134/135/136/137/138/139/140/141/142/143/144/145/146/147/148/149//432/433/434/435/436/437/438/439/440/441/442/443/444/445/446/447/448/449/450/451/452/453/454/455/456/457/458/459/460/461/462/463/464/465/466/467/468/469/470/471/472//625/626/627/628/629/630/631/632/633/634/635/636/637/638/639/640/641/642/643/644/645//604/605/606/607/608/609/610/611/612/613/614/615/616/617/618/619/620/621/622/623/624//656/657/658/659/660/661/662/663/664/665//666/667/668/669/670/671/672/673/674/675//676/677/678/679/680/681/682/683/684/685//0/1/2/3/4/5/6/7/8/9//10/11/12/13/14/15/16/17/18/19//686/687/688/689/690/691/692/693/694/695//20/21/22/23/24/25/26/27/28/29/30/31/32/33/34//35/36/37/38/39//40/41/42/43/44/45/46/47/48/49/50/51/52/53/54/55/56/57/58/59/60/61/62//63/64//65/66/67/68/69/70/71/72/73/74/75/76/77/78/79/80/81/82/83//84/85/86/87/88/89/90/91//92/93/94/95/96/97/98/99/100/101/102/103/104/105/106/107/108/109/110/111/112/113/114//115/116/117/118/119//150/151/152/153/154/155/156/157/158/159/160/161/162/163/164/165/166/167/168/169/170/171/172//173/174//175/176/177/178/179/180/181/182/183/184/185/186/187/188/189/190/191/192/193/194/195/196/197/198/199/200/201/202/203/204/205/206/207/208/209/210/211/212//213/214//215/216/217/218/219/220/221/222/223/224/225/226/227/228/229/230/231/232/233/234/235/236/237/238/239/240/241/242//243/244/245/246/247/248//249/250/251/252/253/254/255/256/257/258/259/260/261/262/263/264/265/266/267/268/269/270/271/272/273/274/275/276/277/278/279/280//281/282/283/284/285/286/287/288//289/290/291/292/293/294/295/296/297/298/299/300/301/302/303/304/305/306/307/308/309/310/311/312/313//314/315/316/317/318/319/320/321/322/323/324/325/326/327/328//329/330/331/332/333/334/335/336/337/338//339/340/341/342/343/344/345/346/347/348//349/350/351/352/353/354/355/356/357/358//646/647/648/649/650/651/652/653/654/655//359/360/361/362/363/364/365/366/367/368,-1.7976931348623157e+308,False,False,1.7704796446424793
349,5.0,0.9,-2514650.0,120/121/122/123/124/125/126/127/128/129/130/131/132/133/134/135/136/137/138/139/140/141/142/143/144/145/146/147/148/149//432/433/434/435/436/437/438/439/440/441/442/443/444/445/446/447/448/449/450/451/452/453/454/455/456/457/458/459/460/461/462/463/464/465/466/467/468/469/470/471/472//625/626/627/628/629/630/631/632/633/634/635/636/637/638/639/640/641/642/643/644/645//604/605/606/607/608/609/610/611/612/613/614/615/616/617/618/619/620/621/622/623/624//656/657/658/659/660/661/662/663/664/665//666/667/668/669/670/671/672/673/674/675//676/677/678/679/680/681/682/683/684/685//0/1/2/3/4/5/6/7/8/9//10/11/12/13/14/15/16/17/18/19//686/687/688/689/690/691/692/693/694/695//20/21/22/23/24/25/26/27/28/29/30/31/32/33/34//35/36/37/38/39//40/41/42/43/44/45/46/47/48/49/50/51/52/53/54/55/56/57/58/59/60/61/62//63/64//65/66/67/68/69/70/71/72/73/74/75/76/77/78/79/80/81/82/83//84/85/86/87/88/89/90/91//92/93/94/95/96/97/98/99/100/101/102/103/104/105/106/107/108/109/110/111/112/113/114//115/116/117/118/119//150/151/152/153/154/155/156/157/158/159/160/161/162/163/164/165/166/167/168/169/170/171/172//173/174//175/176/177/178/179/180/181/182/183/184/185/186/187/188/189/190/191/192/193/194/195/196/197/198/199/200/201/202/203/204/205/206/207/208/209/210/211/212//213/214//215/216/217/218/219/220/221/222/223/224/225/226/227/228/229/230/231/232/233/234/235/236/237/238/239/240/241/242//243/244/245/246/247/248//249/250/251/252/253/254/255/256/257/258/259/260/261/262/263/264/265/266/267/268/269/270/271/272/273/274/275/276/277/278/279/280//281/282/283/284/285/286/287/288//289/290/291/292/293/294/295/296/297/298/299/300/301/302/303/304/305/306/307/308/309/310/311/312/313//314/315/316/317/318/319/320/321/322/323/324/325/326/327/328//329/330/331/332/333/334/335/336/337/338//339/340/341/342/343/344/345/346/347/348//349/350/351/352/353/354/355/356/357/358//646/647/648/649/650/651/652/653/654/655//359/360/361/362/363/364/365/366/367/368,-1.7976931348623157e+308,False,False,1.4889397900011203
646,3.0,4.0,-1198095.0,120/121/122/123/124/125/126/127/128/129/130/131/132/133/134/135/136/137/138/139/140/141/142/143/144/145/146/147/148/149//432/433/434/435/436/437/438/439/440/441/442/443/444/445/446/447/448/449/450/451/452/453/454/455/456/457/458/459/460/461/462/463/464/465/466/467/468/469/470/471/472//625/626/627/628/629/630/631/632/633/634/635/636/637/638/639/640/641/642/643/644/645//604/605/606/607/608/609/610/611/612/613/614/615/616/617/618/619/620/621/622/623/624//656/657/658/659/660/661/662/663/664/665//666/667/668/669/670/671/672/673/674/675//676/677/678/679/680/681/682/683/684/685//0/1/2/3/4/5/6/7/8/9//10/11/12/13/14/15/16/17/18/19//686/687/688/689/690/691/692/693/694/695//20/21/22/23/24/25/26/27/28/29/30/31/32/33/34//35/36/37/38/39//40/41/42/43/44/45/46/47/48/49/50/51/52/53/54/55/56/57/58/59/60/61/62//63/64//65/66/67/68/69/70/71/72/73/74/75/76/77/78/79/80/81/82/83//84/85/86/87/88/89/90/91//92/93/94/95/96/97/98/99/100/101/102/103/104/105/106/107/108/109/110/111/112/113/114//115/116/117/118/119//150/151/152/153/154/155/156/157/158/159/160/161/162/163/164/165/166/167/168/169/170/171/172//173/174//175/176/177/178/179/180/181/182/183/184/185/186/187/188/189/190/191/192/193/194/195/196/197/198/199/200/201/202/203/204/205/206/207/208/209/210/211/212//213/214//215/216/217/218/219/220/221/222/223/224/225/226/227/228/229/230/231/232/233/234/235/236/237/238/239/240/241/242//243/244/245/246/247/248//249/250/251/252/253/254/255/256/257/258/259/260/261/262/263/264/265/266/267/268/269/270/271/272/273/274/275/276/277/278/279/280//281/282/283/284/285/286/287/288//289/290/291/292/293/294/295/296/297/298/299/300/301/302/303/304/305/306/307/308/309/310/311/312/313//314/315/316/317/318/319/320/321/322/323/324/325/326/327/328//329/330/331/332/333/334/335/336/337/338//339/340/341/342/343/344/345/346/347/348//349/350/351/352/353/354/355/356/357/358//646/647/648/649/650/651/652/653/654/655//359/360/361/362/363/364/365/366/367/368,0.0,False,False,0.2945020388383157
359,6.0,0.9,-2607030.0,120/121/122/123/124/125/126/127/128/129/130/131/132/133/134/135/136/137/138/139/140/141/142/143/144/145/146/147/148/149//432/433/434/435/436/437/438/439/440/441/442/443/444/445/446/447/448/449/450/451/452/453/454/455/456/457/458/459/460/461/462/463/464/465/466/467/468/469/470/471/472//625/626/627/628/629/630/631/632/633/634/635/636/637/638/639/640/641/642/643/644/645//604/605/606/607/608/609/610/611/612/613/614/615/616/617/618/619/620/621/622/623/624//656/657/658/659/660/661/662/663/664/665//666/667/668/669/670/671/672/673/674/675//676/677/678/679/680/681/682/683/684/685//0/1/2/3/4/5/6/7/8/9//10/11/12/13/14/15/16/17/18/19//686/687/688/689/690/691/692/693/694/695//20/21/22/23/24/25/26/27/28/29/30/31/32/33/34//35/36/37/38/39//40/41/42/43/44/45/46/47/48/49/50/51/52/53/54/55/56/57/58/59/60/61/62//63/64//65/66/67/68/69/70/71/72/73/74/75/76/77/78/79/80/81/82/83//84/85/86/87/88/89/90/91//92/93/94/95/96/97/98/99/100/101/102/103/104/105/106/107/108/109/110/111/112/113/114//115/116/117/118/119//150/151/152/153/154/155/156/157/158/159/160/161/162/163/164/165/166/167/168/169/170/171/172//173/174//175/176/177/178/179/180/181/182/183/184/185/186/187/188/189/190/191/192/193/194/195/196/197/198/199/200/201/202/203/204/205/206/207/208/209/210/211/212//213/214//215/216/217/218/219/220/221/222/223/224/225/226/227/228/229/230/231/232/233/234/235/236/237/238/239/240/241/242//243/244/245/246/247/248//249/250/251/252/253/254/255/256/257/258/259/260/261/262/263/264/265/266/267/268/269/270/271/272/273/274/275/276/277/278/279/280//281/282/283/284/285/286/287/288//289/290/291/292/293/294/295/296/297/298/299/300/301/302/303/304/305/306/307/308/309/310/311/312/313//314/315/316/317/318/319/320/321/322/323/324/325/326/327/328//329/330/331/332/333/334/335/336/337/338//339/340/341/342/343/344/345/346/347/348//349/350/351/352/353/354/355/356/357/358//646/647/648/649/650/651/652/653/654/655//359/360/361/362/363/364/365/366/367/368,-1.7976931348623157e+308,False,False,1.4779911512968038
