observed_throughput_ffmpeg-0;avg_response_time_ffmpeg-0;parallelism_ffmpeg-0;observed_throughput_librosa;avg_response_time_librosa;parallelism_librosa;observed_throughput_ffmpeg-1;avg_response_time_ffmpeg-1;parallelism_ffmpeg-1;observed_throughput_ffmpeg-2;avg_response_time_ffmpeg-2;parallelism_ffmpeg-2;observed_throughput_deepspeech;avg_response_time_deepspeech;parallelism_deepspeech;total_time;-cost
0,25936;27,4433;2;0,29217;7,57732;4;0,29664;4,85567;2;0,29483;10;4;0,30124;5,08247;4;54,95876;-0,173553833
0,4878;26,57;4;0,46729;13,25;6;0,4717;4,86;4;0,45872;9,33;8;0,46948;6,22;4;60,23;-0,174361111
0,46729;29,8;4;0,46083;13,07;6;0,45662;4,87;4;0,44643;9,44;8;0,45249;4,86;4;62,04;-0,177944444
0,25876;35,86458;2;0,29538;10,23958;4;0,29721;5,73958;2;0,2963;10,88542;4;0,30189;3,59375;4;66,32291;-0,197945625
0,47619;29,48;4;0,46948;7,91;6;0,47619;4,85;4;0,40816;20,24;6;0,41841;4,41;4;66,89;-0,289680556
0,47393;28,21;4;0,46948;10,87;6;0,47619;5,63;4;0,41841;17,41;6;0,42918;6,06;4;68,18;-0,263958333
0,34602;71,38;4;0,3268;17,03;4;0,33003;3,24;4;0,32362;9,14;8;0,32895;3,4;4;104,19;-0,233569444
0,24557;78,83505;2;0,27954;6,61856;4;0,2828;6,20619;2;0,28116;9,15464;8;0,28529;8,30928;2;109,12372;-0,240564167
0,46569;24,74737;4;0,39419;21,88421;6;0,41228;3,75532;4;0,28485;54,71277;4;0,28221;6,16304;4;111,26271;-0,68646125
0,48077;30,23;4;0,39683;26,54;6;0,40161;3,94;4;0,29674;49,32;4;0,28406;7,52041;4;117,55041;-0,642764458
0,33557;73,44;4;0,33333;12,96;4;0,3367;8,74;4;0,40984;15,72;8;0,41841;8,41;4;119,27;-0,318486111
0,2315;88,98969;2;0,26287;7,2268;4;0,26836;4,87368;2;0,26611;9,4;6;0,26989;10,85263;2;121,3428;-0,259920556
0,22371;82,96;2;0,271;32,94;4;0,27855;5,99;2;0,27397;11,4;4;0,27855;4,28;4;137,57;-0,301902778
0,47847;29,27;4;0,31746;62,17;4;0,32258;3,41;4;0,2849;26,16;4;0,14556;25;4;146,01;-0,457125
0,2079;94,89;2;0,2611;13,19;4;0,27027;9,54;2;0,26596;10,37;6;0,27701;19,25;2;147,24;-0,305319444
0,46729;31,31;4;0,46296;9,84;6;0,24433;98,47423;2;0,28446;9,02062;8;0,28955;3,4433;4;152,08815;-0,298934014
0,48544;28,26;4;0,33003;51,31;4;0,33221;3,49495;4;0,29377;30,32323;4;0,15115;39,25253;4;152,64071;-0,506810167
0,46948;32,38;4;0,45662;12,21;6;0,46296;4,11;4;0,29326;58,15;4;0,25065;49,39175;2;156,24175;-0,782349653
0,35055;40,98947;4;0,32986;39,92632;4;0,24668;57,21505;4;0,28097;9,22581;6;0,27914;10,8022;4;158,15885;-0,309360444
0,2304;128,49485;2;0,26359;7,16495;4;0,26648;5,21649;2;0,26575;9,43299;6;0,2687;8,65979;4;158,96907;-0,3125
0,4717;32,09;4;0,3096;61,81;4;0,2526;53,8866;2;0,29483;9,23711;6;0,30031;3,49485;4;160,51856;-0,312747681
0,47393;30,96;4;0,29851;66,27;4;0,2526;44,45361;2;0,29483;9,34021;8;0,29394;10,18557;2;161,20939;-0,314709528
0,47619;29,14;4;0,30675;65,64;4;0,24745;53,12371;2;0,28698;9,96907;4;0,29305;3,41237;4;161,28515;-0,320928667
0,49261;28,51;4;0,32895;53,41;4;0,24561;67,5102;2;0,28406;9,09184;8;0,28909;3,40816;4;161,9302;-0,313295944
0,4717;30,05;4;0,42735;20,56;6;0,24495;90,1134;2;0,28614;15,43299;4;0,28116;7,80412;2;163,96051;-0,377765889
0,49505;28,42;4;0,30488;64,49;4;0,3096;3,17;4;0,29326;23,57;4;0,2401;44,90722;2;164,55722;-0,457704472
0,49261;26;4;0,30675;67,75;4;0,24257;52,31633;2;0,28161;15,39796;4;0,28655;3,77551;4;165,2398;-0,379202111
0,46512;31,14;4;0,29412;71,72;4;0,2994;3,36;4;0,29499;9,33;8;0,24069;51,18557;2;166,73557;-0,322285514
0,46083;31,25;4;0,32154;54,07;4;0,26133;56,93878;4;0,29787;10,30612;6;0,28916;17,16667;4;169,73157;-0,335936681
0,43103;39,14;4;0,42735;6,93;6;0,43103;4,32;4;0,27624;63,41;4;0,24038;56,44;2;170,24;-0,852930556
0,47393;30,21;4;0,30581;68,14;4;0,3096;3,23;4;0,29586;17,61;4;0,24038;51,06;2;170,25;-0,407666667
0,49751;30,91;4;0,4717;9,43;6;0,22096;117,2268;2;0,25393;9,52577;6;0,25867;3,26804;4;170,36061;-0,329223611
0,49261;28,01;4;0,45872;14;6;0,23775;107,79381;2;0,27557;9,36082;6;0,27019;11,97938;2;171,14401;-0,328707986
0,22248;149,18557;2;0,25594;5,90722;6;0,25729;3,26804;4;0,25459;9,21649;6;0,25798;3,59794;4;171,17526;-0,327348181
0,4717;30,23;4;0,46729;10,5;6;0,22664;116,08247;2;0,26146;11,06186;4;0,26648;3,39175;4;171,26608;-0,345415417
0,4386;36,56;4;0,43478;8,01;6;0,21995;110,52577;2;0,2526;9,06186;8;0,25661;7,41237;2;171,57;-0,326393083
0,46512;31,07;4;0,3268;56,88;4;0,23866;65,14;2;0,27473;9,25;6;0,27222;9,38776;4;171,72776;-0,328441333
0,47847;28;4;0,31153;63,4;4;0,23892;62,75258;2;0,27794;9,27835;6;0,28198;8,89691;2;172,32784;-0,329550403
0,47847;30,02;4;0,29326;68,61;4;0,25798;46,38144;2;0,30218;12,31959;4;0,28446;15,50515;2;172,83618;-0,359824042
0,4902;29,36;4;0,48077;10,74;6;0,23206;109,17526;2;0,26722;16,95876;4;0,27247;7,09278;2;173,3268;-0,4056085
0,48544;29,31;4;0,46296;11,54;6;0,23775;109,6701;2;0,27557;9,34021;6;0,27874;14,18557;2;174,04588;-0,332537986
0,21946;150,69072;2;0,25065;6,29897;6;0,2526;3,57732;4;0,08784;11,33333;4;0,08831;4,0101;4;175,91044;-0,354505208
0,46948;31,98;4;0,40161;21,3;6;0,4065;3,69;4;0,39526;11,36;6;0,21995;107,74227;2;176,07227;-0,354989264
0,48544;27,83;4;0,46512;12,66;6;0,46948;4,93;4;0,46083;9,43;8;0,22611;121,6701;2;176,5201;-0,336847361
0,22299;148,16495;2;0,25526;6,23711;6;0,25594;3,47423;4;0,25195;10,05155;4;0,25526;8,76289;2;176,69073;-0,343127194
0,21348;149,25263;2;0,24422;6,74737;4;0,2474;3,17895;4;0,24422;9,55789;6;0,2474;8,16842;2;176,90526;-0,338625681
0,21847;150,42268;2;0,24872;10,8866;4;0,25065;4,65979;4;0,25;10,24742;6;0,25326;3,86598;4;180,08247;-0,349742236
0,19223;109,0303;4;0,19149;12,64646;4;0,12165;31,09;4;0,12107;8,99;8;0,09461;18,42;4;180,17676;-0,337648278
0,21573;153,75;2;0,24679;7,44792;4;0,25;3,22917;4;0,24679;9,27083;8;0,25;7,01042;2;180,70834;-0,341116875
0,21798;155,58763;2;0,24808;6,38144;6;0,25;3,1134;4;0,24745;9,07216;8;0,25065;6,70103;2;180,85566;-0,339389972
0,21538;157,76531;2;0,245;7,31633;4;0,24873;3,29592;4;0,245;9,35714;6;0,2481;3,47959;4;181,21429;-0,342658708
0,217;155,37113;2;0,24808;7,5567;4;0,2513;4,61856;2;0,24936;9,10309;4;0,25195;4,61856;2;181,26804;-0,340263431
0,2095;155,02062;2;0,23716;7,23711;4;0,24069;4,6701;2;0,23951;10,43299;6;0,24372;4,01031;4;181,37113;-0,353336194
0,49751;29,6;4;0,45045;14,38;6;0,22173;121,02;2;0,25445;11,26;8;0,26247;5,34;4;181,6;-0,361694444
0,21413;156,59794;2;0,24372;6,19588;6;0,24668;4,60215;2;0,24603;9,19355;6;0,24933;5,06452;2;181,65404;-0,341679014
0,2086;156,1134;2;0,23716;7,09278;4;0,24069;3,26804;4;0,23716;10,30928;4;0,2401;5,21649;2;181,99999;-0,353006875
0,21272;156,63918;2;0,2425;7,85567;4;0,24557;3,38144;4;0,2419;10,53608;4;0,24557;3,58763;4;182;-0,355211889
0,20815;158,19588;2;0,23601;6,4433;6;0,23716;5,62887;2;0,23659;9,52577;6;0,2401;3,5567;4;183,35052;-0,347265153
0,21145;157,52083;2;0,24121;6,17708;6;0,24242;5,86458;2;0,24181;9,98958;4;0,24679;4,16667;4;183,71874;-0,352285833
0,34247;90,15;4;0,39683;41,76;6;0,48544;18,16;4;0,49751;16,07;8;0,44444;17,63;4;183,77;-0,411472222
0,21847;154,78351;2;0,24557;6,6701;6;0,24745;5,73196;2;0,24872;11,62887;8;0,2526;5,29897;4;184,11341;-0,368771528
0,21272;161,14433;2;0,2425;7,26804;4;0,24557;3,37113;4;0,24311;9,2268;8;0,24619;3,76289;4;184,77319;-0,346334431
0,20726;160,34021;2;0,23601;6,27835;6;0,23775;3,15464;4;0,23487;9,12371;6;0,23833;7,25773;2;186,15464;-0,347250847
0,2069;160,67708;2;0,23472;6,0625;6;0,23645;4,9375;2;0,23587;8,9375;8;0,2394;6,25;2;186,86458;-0,3464265
0,21847;158,75258;2;0,24936;7,85567;4;0,25326;4,84536;4;0,25393;11,50515;8;0,26359;5,95876;4;188,91752;-0,374241069
0,20726;163,58763;2;0,23544;6,30928;6;0,23601;5,2268;2;0,23544;10,29897;6;0,23951;4,14433;4;189,56701;-0,363416389
0,35714;83,65;4;0,4;43,38;6;0,48309;19,56;4;0,39216;38,28;6;0,4;4,97;4;189,84;-0,635833333
0,20905;167,65979;2;0,23716;6,63918;6;0,23892;3,27835;4;0,23601;9,1134;8;0,23892;3,45361;4;190,14433;-0,352691847
0,21786;157,78;2;0,24876;10,81;6;0,25575;5,24;4;0,25189;10,39;8;0,2551;6,85;4;191,07;-0,366388889
0,20161;168,23;2;0,22727;7,33;4;0,22989;3,55;4;0,22779;9,26;4;0,23095;3,81;4;192,18;-0,356944444
0,48309;28,75;4;0,46083;14,19;6;0,46512;4,42;4;0,45045;9,3;8;0,20551;136,13402;2;192,79402;-0,358186139
0,20545;167,36735;2;0,23278;6,04082;6;0,235;7,48936;2;0,23441;9,23404;8;0,23737;3,40426;4;193,53583;-0,358575153
0,20576;169,19;2;0,23364;9,45;6;0,23529;3,94;4;0,23202;10,59;6;0,2381;3,72;4;196,89;-0,376416667
0,46083;36,95;4;0,32787;48,16;4;0,24331;66,83;2;0,19724;16,78;8;0,14286;33,86;4;202,58;-0,4445
0,23487;40,09278;2;0,26287;7,95876;4;0,14478;145,25773;2;0,14413;10,42268;2;0,14543;3,64948;4;207,38143;-0,389361375
0,18282;175,43;2;0,22523;10,97;4;0,23148;5,62;2;0,22936;10,63;6;0,23148;9,18;2;211,83;-0,397555556
0,34722;93,87;4;0,28571;80,44;4;0,3125;18,92;2;0,30675;12,19;8;0,31949;7,05;4;212,47;-0,413611111
0,22611;114,36082;2;0,18547;86,2268;2;0,18798;3,42268;4;0,18582;9,26804;6;0,18726;3,8866;2;217,16494;-0,391723917
0,33898;96,35;4;0,27248;86,74;4;0,29762;20,59;2;0,3003;10,78;6;0,31153;4,73;4;219,19;-0,409236111
0,34843;89,14;4;0,4065;38,95;6;0,27778;76,53;2;0,27933;10,81;8;0,28249;5,1;4;220,53;-0,411388889
0,36496;86,4;4;0,37879;46,43;6;0,27933;72,94;2;0,2809;12,5;6;0,28571;4,34;4;222,61;-0,430708333
0,35336;89,87;4;0,38911;41,87;6;0,27933;76,43;2;0,27855;10,74;6;0,28329;5,98;4;224,89;-0,416763889
0,35211;92,25;4;0,27933;87,33;4;0,33333;5,31;4;0,29762;38,61;4;0,30303;4,16;4;227,66;-0,691569444
0,35106;86,21212;4;0,28448;92,14141;4;0,30275;23,29293;2;0,30154;11,04082;6;0,2908;16,33673;2;229,02401;-0,425430208
0,369;85,49;4;0,3413;60,57;6;0,2907;57,5;2;0,29326;21,08;4;0,29851;4,42;4;229,06;-0,523083333
0,35088;92,74;4;0,271;91,43;4;0,29851;25,88;2;0,29851;14,73;4;0,30581;4,33;4;229,11;-0,461416667
0,34364;94,79;4;0,38911;41,45;6;0,4878;18,81;4;0,28986;69,13;4;0,29499;5,27;2;229,45;-0,990777778
0,35842;89,84;4;0,40486;39,64;6;0,4902;24,15;4;0,2924;72,08;4;0,29674;4,61;4;230,32;-1,020666667
0,34965;91,15;4;0,40161;37,59;6;0,2809;79,43;2;0,28329;19,82;4;0,28902;4,04;4;232,03;-0,514958333
0,22931;141,85567;2;0,19295;78,78495;2;0,1962;3,27957;4;0,19375;9,53763;4;0,1962;3,29032;4;236,74814;-0,421543819
0,33784;94,17;4;0,27027;87,27;4;0,30769;15,06;2;0,30581;23,96;4;0,271;17,77;2;238,23;-0,563819444
0,35587;91,29;4;0,28902;85,03;4;0,34843;5,81;4;0,29762;44,38;4;0,29155;14,25;2;240,76;-0,765861111
0,3367;92,29;4;0,34722;57,2;6;0,4386;8,15;4;0,40323;26,18;6;0,26316;57,2;2;241,02;-0,589277778
0,35842;84,54;4;0,37594;47,94;6;0,28329;69,02;2;0,28653;10,89;8;0,27397;29,77;2;242,16;-0,442208333
0,34247;96,55;4;0,28986;79,82;4;0,35088;6,24;4;0,35088;11,84;8;0,28169;48,19;2;242,64;-0,452111111
0,34364;96,15;4;0,27322;86,93;4;0,30211;16,14;2;0,3003;11,4;8;0,27322;33,15;2;243,77;-0,449402778
0,35842;85,83;4;0,39526;41,99;6;0,27855;73,07;2;0,28169;11,76;6;0,27701;31,32;2;243,97;-0,453180556
0,33784;96,39;4;0,27855;81,09;4;0,28902;30,39;2;0,29326;24,28;4;0,27701;12,92;2;245,07;-0,576430556
0,35088;88,24;4;0,39216;37,56;6;0,24752;94,41;2;0,25189;18,04;4;0,25575;7,37;2;245,62;-0,516527778
0,33784;97,62;4;0,27174;89,31;4;0,32787;5,49;4;0,32362;11,91;8;0,27855;41,98;2;246,31;-0,457888889
0,34014;93,67;4;0,41152;32,34;6;0,271;79,58;2;0,27548;10,87;8;0,27548;32,8;2;249,26;-0,451875
0,21272;153,91753;2;0,18406;79,05155;2;0,18654;3,54639;4;0,18441;9,46392;4;0,1869;4,17526;4;250,15465;-0,439447347
0,34602;92,58;4;0,27248;89,23;4;0,3012;25,2;2;0,30581;10,8;6;0,26596;33,16;2;250,97;-0,453569444
0,20507;162,39175;2;0,18726;71,61856;2;0,19094;3,31959;4;0,18908;9,47423;6;0,19094;4,47423;4;251,27836;-0,441108292
0,35336;87,14;4;0,38023;43,57;6;0,4878;18,19;4;0,5;17,06;8;0,24814;85,74;2;251,7;-0,515444444
0,35461;89,34;4;0,3876;40,82;6;0,48077;19,55;4;0,40323;38,66;6;0,25253;63,71;2;252,08;-0,725972222
0,21413;152,89691;2;0,17733;86,12371;2;0,17996;3,70103;2;0,17831;9,29897;6;0,17996;3,54639;4;255,56701;-0,445360833
0,36101;87;4;0,28011;92,2;4;0,30675;20,62;2;0,30581;12,44;8;0,25907;43,39;2;255,65;-0,476013889
0,22299;150,39175;2;0,17996;89,59794;2;0,18267;3,78351;4;0,18131;10,10309;8;0,18302;3,93814;4;257,81443;-0,456300083
0,5;27,64;4;0,16525;214,60825;2;0,18618;3,36082;4;0,18406;9,06186;6;0,18618;3,40206;4;258,07299;-0,446536125
0,18622;221,25;2;0,23256;11,89;4;0,23866;10,51;2;0,23641;10,13;4;0,23923;4,79;2;258,57;-0,457611111
0,2095;162,40206;2;0,18131;80;2;0,186;3,56989;2;0,18416;9,82796;4;0,18712;3,67742;4;259,47733;-0,455934792
0,19608;209,18;2;0,24752;13,13;6;0,2551;20,49;2;0,25189;11,12;4;0,25316;5,7;2;259,62;-0,468694444
0,18553;218,98;2;0,23364;11,63;4;0,23256;4,46;4;0,23697;19,53;4;0,23981;5,21;2;259,81;-0,550722222
0,22321;85,52;2;0,27933;15,08;4;0,26954;22,09;2;0,15267;133,86;2;0,15408;4,3;4;260,85;-1,663708333
0,17953;228,21;2;0,22124;12,72;4;0,22676;4,19;4;0,22422;13,52;4;0,23256;4,11;4;262,75;-0,496375
0,47847;29,6;4;0,16033;218,1134;2;0,17996;3,31959;2;0,17798;9,1134;6;0,17996;3,70103;2;263,84742;-0,45505725
0,18182;213,17;2;0,22727;10,71;4;0,22523;13,67;2;0,22222;10,54;8;0,22883;16,42;2;264,51;-0,469847222
0,18484;222,15;2;0,22676;12,07;4;0,23419;5,91;2;0,23041;14,95;4;0,23256;9,7;2;264,78;-0,513097222
0,45249;37,41;4;0,16358;210,06186;2;0,18336;3,70103;2;0,18199;9,68041;4;0,18441;4,15464;4;265,00794;-0,462181681
0,18382;231,86;2;0,23095;9,09;6;0,23641;5,65;4;0,2331;10,27;6;0,24876;9,59;2;266,46;-0,469930556
0,45045;35,85;4;0,16026;213,22;2;0,17921;4,69;4;0,17762;9,67;6;0,17921;3,58;4;267,01;-0,464861111
0,18416;231,36;2;0,23256;9,36;6;0,23866;10,27;2;0,23585;10,39;8;0,23981;5,83;4;267,21;-0,472138889
0,48309;29,22;4;0,15252;220,40206;2;0,16988;3,74227;2;0,1687;10,60825;8;0,17047;3,92784;4;267,90042;-0,475219681
0,18116;235,38;2;0,22624;10,32;6;0,22727;6,91;2;0,22573;10,47;6;0,23697;4,96;4;268,04;-0,474069444
0,19918;172,24742;2;0,18131;79,74227;2;0,18304;3,71579;2;0,1813;9,11579;6;0,1834;3,47368;4;268,29495;-0,461257611
0,18083;230,71;2;0,22523;10,37;6;0,23041;5,06;4;0,22727;18,17;4;0,23529;5,03;2;269,34;-0,550736111
0,50505;27,5;4;0,15545;226,10309;2;0,17384;3,1134;4;0,17199;9,15464;6;0,17384;3,74227;2;269,6134;-0,4634665
0,18416;230,87;2;0,22989;9,55;6;0,23697;5,02;4;0,23474;18,73;4;0,23753;5,46;2;269,63;-0,556583333
0,18018;234,82;2;0,22523;9,77;6;0,22936;7,29;2;0,22624;10,82;8;0,23585;7,34;2;270,04;-0,48025
0,20378;162,81443;2;0,17446;89,63918;2;0,17733;3,85567;2;0,17572;9,61856;8;0,17766;4,20619;2;270,13403;-0,468699931
0,47619;31,93;4;0,15313;223,65306;2;0,17103;3,2551;4;0,16926;9,45918;4;0,17103;3,37755;4;271,67489;-0,469290486
0,18116;229,65;2;0,22676;9,82;6;0,23095;12,89;2;0,22831;10,83;6;0,23923;8,58;2;271,77;-0,48275
0,48544;28,14;4;0,32787;57,47;4;0,33333;3,37;4;0,15015;179,48454;2;0,15156;3,64948;4;272,11402;-2,122924722
0,21413;152,73196;2;0,16958;102,94845;2;0,17199;3,78351;2;0,17047;9,85567;4;0,17229;3,40206;4;272,72165;-0,474599083
0,18416;230,91;2;0,23041;10,64;4;0,23753;3,99;4;0,23419;10,73;6;0,24331;17,03;2;273,3;-0,483902778
0,44643;33,76;4;0,15446;223,7732;2;0,1726;3,5567;4;0,17077;9,46392;4;0,17229;3,46392;4;274,01774;-0,472590528
0,1773;234,33;2;0,21978;11,64;4;0,22472;4,67;4;0,22173;14,84;4;0,22624;8,8;2;274,28;-0,525222222
0,17544;243,11;2;0,21692;9,45;6;0,22173;4,91;4;0,21786;10,57;6;0,22779;6,41;4;274,45;-0,483944444
0,48077;28,49;4;0,1547;230,14433;2;0,1726;3,20619;4;0,17108;9,21649;8;0,17229;3,98969;2;275,0467;-0,471614069
0,4878;31,65;4;0,30303;58,49;4;0,30769;3,32;4;0,15244;178,39;2;0,15385;3,46;4;275,31;-2,116722222
0,49261;25,52;4;0,45249;15,75;6;0,45872;5,18;4;0,14478;226,09278;2;0,14608;3,52577;4;276,06855;-2,581552792
0,18182;234,38;2;0,22779;10,02;6;0,22883;4,58;4;0,22936;10,78;6;0,23585;17,5;2;277,26;-0,489888889
0,17889;235,28;2;0,22371;9,63;6;0,22779;17,25;2;0,22523;10,38;8;0,23474;5,33;2;277,87;-0,486847222
0,17483;245,97;2;0,21786;11,27;4;0,22422;4,32;4;0,22124;10,29;8;0,22989;6,22;4;278,07;-0,48625
0,18083;232,65;2;0,22523;9,45;6;0,23041;5,54;4;0,22727;10,24;8;0,2439;20,74;2;278,62;-0,486527778
0,46296;32,1;4;0,45045;12,4;6;0,45662;4,34;4;0,14543;222,81443;2;0,14675;7,16495;2;278,81938;-2,553500542
0,18149;233,98;2;0,22727;10,13;4;0,23419;4,42;4;0,23148;11,93;6;0,24272;18,75;2;279,21;-0,503777778
0,17452;245,99;2;0,21459;9,88;6;0,21978;7,89;2;0,21692;10,27;6;0,22222;6,74;2;280,77;-0,489805556
0,18315;230,71;2;0,23041;12,64;4;0,2381;4,3;4;0,23474;10,95;8;0,23753;22,17;2;280,77;-0,496416667
0,17953;239,33;2;0,22472;10,32;4;0,23148;4,54;4;0,22779;10,78;8;0,24155;16,76;2;281,73;-0,496097222
0,18692;217,8;2;0,23364;13,94;4;0,24038;6,78;2;0,2381;11,09;6;0,23866;35,11;4;284,72;-0,503263889
0,20534;115,2;2;0,25575;21,52;4;0,26738;10,27;2;0,15674;134,31;2;0,15873;4,23;4;285,53;-1,702361111
0,17182;255,03;2;0,21322;10,05;4;0,21368;3,99;4;0,21459;10,75;6;0,21692;6,44;4;286,26;-0,502097222
0,19455;193;2;0,19646;74,05;2;0,19881;4,3;4;0,1996;11,08;4;0,20121;3,87;2;286,3;-0,505361111
0,51282;25,07;4;0,14608;245,06186;2;0,16221;3,74227;2;0,16086;9,20619;6;0,16221;3,37113;4;286,45145;-0,487353861
0,4878;29,1;4;0,45249;14,91;6;0,45455;4,62;4;0,14472;234,46;2;0,14327;3,39796;4;286,48796;-2,677372167
0,51282;24,75;4;0,14809;247,29897;2;0,16441;3,21649;4;0,16275;9,20619;4;0,16441;3,83505;2;288,3067;-0,489930597
0,2212;145,16667;2;0,18356;93,29167;2;0,18605;3,57292;2;0,16244;45,60417;2;0,16697;3,44086;2;291,07629;-0,8476465
0,47619;34,9;4;0,14837;237,92;2;0,16474;4,11;4;0,16313;10,56;8;0,16779;4,26;4;291,75;-0,507875
0,1692;261,76;2;0,2079;9,54;6;0,21186;4,8;4;0,20964;10,32;8;0,22371;5,76;4;292,18;-0,506138889
0,20492;104,05;2;0,2584;18,67;4;0,14124;155,25;2;0,14025;10,44;8;0,14124;4,09;2;292,5;-0,50775
0,4717;28,98;4;0,16007;213,30928;2;0,17996;3,27835;4;0,16385;43,84536;2;0,16553;3,54639;4;292,95938;-0,833162361
0,20815;162,30928;2;0,18605;68,26042;2;0,18898;3,42708;2;0,16438;52,73958;2;0,1658;6,79167;2;293,52803;-0,920423736
0,46729;32,95;4;0,14543;244,79381;2;0,16167;3,89691;2;0,1606;9,49485;6;0,16194;3,35052;4;294,48609;-0,5013195
0,22069;153,71875;2;0,25397;6,04167;6;0,25532;3,4375;4;0,15023;128,69792;2;0,15166;3,34375;4;295,23959;-1,661284764
0,48077;27,38;4;0,29499;70,98;4;0,24557;58,50515;2;0,15171;135,07527;2;0,15321;3,51613;4;295,45655;-1,723588111
0,4717;28,07;4;0,46512;8,59;6;0,22096;122,04124;2;0,16086;132,70103;2;0,16248;4,35052;4;295,75279;-1,700916667
0,48077;27,66;4;0,14992;235,24742;2;0,16724;3,29897;4;0,16385;28,09278;2;0,16551;3,4;2;297,69917;-0,686595319
0,22248;148,18557;2;0,17733;100,23711;2;0,17963;3,51546;4;0,16358;42,50515;2;0,16553;3,35052;2;297,79381;-0,826847028
0,18868;200,57;2;0,18382;78,11;2;0,18868;4,32;4;0,18692;11,21;6;0,19305;4,37;2;298,58;-0,523680556
0,2095;157,6701;2;0,17864;86,94845;2;0,18199;3,36082;4;0,15928;47,7732;2;0,16113;3,38144;4;299,13401;-0,879925569
0,22299;148,23711;2;0,25526;7,24742;4;0,25936;3,47423;4;0,15772;137,05155;2;0,15928;3,65979;4;299,6701;-1,748654097
0,47847;30,3;4;0,46729;10,64;6;0,22045;115,41237;2;0,15954;139,93814;2;0,1614;3,47423;4;299,76474;-1,776849611
0,48077;26,94;4;0,29851;73,72;4;0,24619;42,13402;2;0,15495;153,59794;2;0,15645;3,45361;2;299,84557;-1,909765486
0,21225;156,79381;2;0,18063;77,85567;2;0,18302;3,37113;4;0,16033;58,21649;2;0,16194;3,72165;2;299,95875;-0,982603028
0,21272;154,51546;2;0,2425;8,23711;4;0,24495;8,57732;2;0,15954;125,01031;2;0,16113;3,71134;2;300,05154;-1,632116264
0,21225;156,12371;2;0,24129;6,83505;4;0,24433;3,34021;4;0,15495;131,04124;2;0,15645;3,43299;2;300,7732;-1,691752611
0,19439;181,35052;2;0,21896;8,10309;4;0,22197;3,49485;4;0,15747;104,6701;2;0,15902;3,93814;4;301,5567;-1,436454722
0,07657;203,21;2;0,10754;83,74227;2;0,10838;3,39175;4;0,10754;9,27835;8;0,10838;3,62887;4;303,25124;-0,511388458
0,4717;33,85;4;0,15015;236,24742;2;0,16724;3,29897;4;0,16194;26,02062;2;0,16358;3,8866;4;303,30361;-0,674233264
0,46948;28,29;4;0,15696;231,43299;2;0,17572;3,70103;2;0,1606;36,21649;2;0,16221;3,71134;4;303,35185;-0,773426778
0,47619;32,09;4;0,4717;8,78;6;0,22454;112,01031;2;0,15545;148,14433;2;0,15721;3,34021;2;304,36485;-1,863021056
0,49505;28,55;4;0,15655;228,55102;2;0,17469;3,85714;2;0,16167;40,39175;2;0,16358;3,4433;2;304,79321;-0,816021472
0,4902;29,18;4;0,16553;209,89691;2;0,18654;3,48454;2;0,15495;61,17526;2;0,1567;3,37113;4;307,10784;-1,021298139
0,21179;158,19588;2;0,18165;86,35052;2;0,15324;49,73196;2;0,15204;9,97938;8;0,15348;3,94845;4;308,20619;-0,525085903
0,46729;33,44;4;0,31348;61,04;4;0,24557;57,72165;2;0,15204;152,6701;2;0,15372;3,52577;4;308,39752;-1,912622528
0,18083;233,64;2;0,18975;57,05;2;0,1912;3,97;4;0,18904;10,42;6;0,19493;4,74;4;309,82;-0,531611111
0,18248;228,57;2;0,1912;61,64;2;0,19455;4,04;4;0,19268;11,08;6;0,19881;5,33;2;310,66;-0,539194444
0,18315;223,87;2;0,18367;69,54545;2;0,18786;3,43434;2;0,18644;9,85859;4;0,18821;4,24242;4;310,9508;-0,527723514
0,18622;221,05;2;0,18939;71,29;2;0,19157;4,24;4;0,18975;10,8;4;0,19038;3,88889;2;311,26889;-0,537317903
0,217;152,31959;2;0,24808;6,09278;6;0,24936;3,24742;4;0,15324;134,08247;2;0,15421;17,27835;2;313,02061;-1,738330417
0,20335;169,97938;2;0,2304;6,26804;6;0,1463;124,76289;2;0,14608;9,36082;4;0,15113;3,61702;2;313,98815;-0,527102625
0,18315;229,13;2;0,18762;66,77;2;0,19084;3,45;2;0,18904;10,74;6;0,19084;4,27;2;314,36;-0,541027778
0,21459;153,08;2;0,24331;6,95;4;0,1497;139,4;2;0,14881;12,22;8;0,15152;4,21;4;315,86;-0,5575
0,18657;222,03;2;0,18416;74,49;2;0,18587;4,47;4;0,18574;10,76768;8;0,18786;4,71717;4;316,47485;-0,544234181
0,20378;171,09278;2;0,23095;6,16495;6;0,14038;126,64948;2;0,13997;9,24742;4;0,14119;3,47423;4;316,62886;-0,529667778
0,46948;30,58;4;0,15348;229,13402;2;0,17138;3,76289;2;0,17047;8,98969;4;0,14787;45,84536;2;318,31196;-0,529499708
0,21319;155,24742;2;0,18336;89,93814;2;0,18654;3,7732;2;0,18441;9,31959;6;0,14697;60,09278;2;318,37113;-0,53278925
0,34247;92,1;4;0,16779;208,92;2;0,18939;4;4;0,18762;10,24;6;0,19342;4,7;4;319,96;-0,543944444
0,18727;225,01;2;0,18622;77,25;2;0,19048;3,49;2;0,18868;10,51;4;0,1912;4,19;2;320,45;-0,54725
0,17422;244,4;2;0,18519;59,57;2;0,18727;3,48;2;0,18299;11,35354;8;0,18539;4,05051;4;322,85405;-0,558790042
0,19569;213,17;2;0,18248;91,42;2;0,18622;4,2;4;0,18416;10,09;4;0,19011;4,36;4;323,24;-0,547041667
0,17889;232,43;2;0,18553;72,56;2;0,18727;3,92;2;0,18797;10,22;6;0,18975;4,23;4;323,36;-0,548472222
0,21053;163,72;2;0,18382;79,35;2;0,18872;3,40206;2;0,18654;9,54639;4;0,14413;69,4433;2;325,46175;-0,544842333
0,19157;225,05;2;0,18018;78,73;2;0,18215;4,41;4;0,18416;11,08;8;0,18975;6,7;2;325,97;-0,560458333
0,34965;90,58;4;0,15699;219,05;2;0,17513;4,36;4;0,17668;10,37;4;0,17857;4,04;4;328,4;-0,556930556
0,12357;307,89691;2;0,13251;6,15464;2;0,13398;3,30928;2;0,13324;10,36082;2;0,13454;3,69072;4;331,41237;-0,561025153
0,34483;90,73;4;0,15504;221,6;2;0,17212;3,95;2;0,17153;10,53;6;0,17544;5,87;2;332,68;-0,564430556
0,21319;155,8866;2;0,24311;6,26804;6;0,24806;6,77083;2;0,13974;160,65625;2;0,14118;3,96875;2;333,55047;-2,025200306
0,35587;87;4;0,15699;230,59;2;0,17575;3,51;2;0,17422;9,97;8;0,17606;4,34;2;335,41;-0,562777778
0,3413;92,3;4;0,15408;224,24;2;0,17094;4,21;4;0,17271;10,46;8;0,17422;5,54;2;336,75;-0,569402778
0,1214;312,95876;2;0,13038;6,50515;6;0,13231;3,27368;2;0,13194;10,70526;2;0,13305;3,63158;4;337,07443;-0,572237847
0,11844;314,89691;2;0,12696;6,02062;4;0,1273;4,7732;2;0,1268;9,08247;8;0,12763;3,68041;4;338,45361;-0,55837625
0,19959;172,58763;2;0,22506;8,89691;6;0,19361;71,61856;2;0,14946;81,69072;2;0,15062;4,74227;4;339,53609;-1,265793236
0,34965;91,75;4;0,15432;229,91;2;0,17301;4,41;4;0,17153;9,64;6;0,17637;4,51;2;340,22;-0,56625
0,37879;82,72;4;0,15129;239,79;2;0,16949;3,72;2;0,16807;10,25;4;0,1678;4,52525;2;341,00525;-0,573271181
0,34247;92,61;4;0,14925;228,66;2;0,16611;4,07;4;0,16474;10,42;8;0,16949;5,58;2;341,34;-0,575388889
0,34014;91,87;4;0,15267;231,58;2;0,17182;4,07;4;0,17007;9,94;6;0,17368;4,69697;2;342,15697;-0,571856903
0,35211;90,38;4;0,15175;237,96;2;0,16949;4,41;4;0,16779;9,77;4;0,1692;3,76;2;346,28;-0,575930556
0,35336;88,41;4;0,14903;240,88;2;0,16556;4,09;2;0,1642;10,14;6;0,16863;4,26;4;347,78;-0,581611111
0,33557;99,4;4;0,14684;229,8;2;0,16077;3,75;2;0,16;10,16;6;0,1634;4,96;2;348,07;-0,582208333
0,11765;326,83;2;0,12579;5,98;6;0,12626;3,24;4;0,12531;9,69;2;0,12626;3,51;4;349,25;-0,579277778
0,35971;88,62;4;0,15314;244,26;2;0,17065;4,15;4;0,16892;9,74;4;0,17361;4,08;2;350,85;-0,581986111
0,17679;238,93939;2;0,18966;52,57576;2;0,19149;3,46465;2;0,15891;55,21212;2;0,16045;3,81818;4;354,0101;-1,028465194
0,19048;212,15;2;0,18657;83,33;2;0,18904;3,6;2;0,15974;57,4;2;0,16129;3,5;2;359,98;-1,058027778
0,36101;84,72;4;0,16367;220,52;2;0,18349;3,53;2;0,16207;51,19;2;0,16393;3,34;2;363,3;-1,002263889
0,17825;234,74;2;0,22124;10,17;6;0,22624;9,63;2;0,15723;107,24;2;0,15873;3,77;2;365,55;-1,550319444
0,33784;98,12;4;0,28571;75,27;4;0,3367;5,75;4;0,15723;182,22;2;0,15873;4,28;4;365,64;-2,279416667
0,27548;132,57;4;0,32258;13,27;6;0,29762;55,17;2;0,15748;162,05;2;0,15924;3,37;2;366,43;-2,084416667
0,20121;200,31;2;0,2551;16,24;4;0,26385;11,42;2;0,15674;135,75;2;0,15848;3,55;2;367,27;-1,829888889
0,36364;84,52;4;0,26954;99,74;4;0,30769;17,54;2;0,15674;161,58;2;0,15823;3,95;4;367,33;-2,081097222
0,35461;87,94;4;0,25974;94,85;4;0,28329;20,63;2;0,15674;160,75;2;0,15823;3,58;2;367,75;-2,073611111
0,34364;90,81;4;0,39216;41,46;6;0,27248;76,42;2;0,15898;155,33;2;0,16051;4,25;4;368,27;-2,021638889
0,34843;89,87;4;0,15974;216,26;2;0,17953;3,55;2;0,15699;56,61;2;0,15873;3,47;2;369,76;-1,063930556
0,35336;88,6;4;0,15773;216;2;0,17637;3,5;2;0,15798;57,66;2;0,15974;4,26;4;370,02;-1,0745
0,35336;89,62;4;0,14472;245,55;2;0,16026;4,22;4;0,15848;26,99;2;0,16;4,2;4;370,58;-0,777097222
0,17857;240,96;2;0,22422;10,76;4;0,23041;5,79;2;0,15625;109,88;2;0,15823;3,28;2;370,67;-1,583097222
0,18416;228,8;2;0,18382;63,68;2;0,18622;4,45;4;0,15723;69,69;2;0,15848;4,12;4;370,74;-1,192458333
0,35587;89,1;4;0,15408;227,38;2;0,17301;4,26;4;0,16;46,82;2;0,16103;3,49;2;371,05;-0,970541667
0,35211;88,61;4;0,3861;46,74;6;0,49261;19,58;4;0,15152;214,69;2;0,15337;3,45;2;373,07;-2,605416667
0,35714;87,73;4;0,3937;40,03;6;0,47619;24,24;4;0,15576;218,42;2;0,15773;3,64;2;374,06;-2,643055556
0,17483;244,15;2;0,18975;58,11;2;0,19231;4,58;4;0,15873;64,15;2;0,16026;4,2;4;375,19;-1,144777778
0,17637;242,3;2;0,18692;60,34;2;0,19011;4,56;4;0,15699;64,76;2;0,15823;3,4;2;375,36;-1,150944444
0,17953;234,68;2;0,22272;10,21;6;0,22727;4,75;4;0,15456;122,76;2;0,15576;3,36;2;375,76;-1,715388889
0,35088;89,06;4;0,39683;36,96;6;0,27027;77,7;2;0,15038;168,59;2;0,15198;3,51;2;375,82;-2,161041667
0,35211;90,88;4;0,26882;88,72;4;0,27248;36,42;2;0,15552;156,62;2;0,15723;3,51;2;376,15;-2,045125
0,35971;86,05;4;0,39062;44,62;6;0,5;21,1;4;0,15314;220,25;2;0,1548;4,19;4;376,21;-2,663833333
0,18215;233,11;2;0,22883;8,8;6;0,23585;5,44;4;0,15576;125,58;2;0,15699;4,17;4;377,1;-1,744666667
0,17762;237,22;2;0,21758;11,92929;4;0,225;4,15152;4;0,15542;121,46465;2;0,15665;3,34343;2;378,10889;-1,706057556
0,34843;90,53;4;0,15267;224,08;2;0,1692;4,33;4;0,15974;56,87;2;0,16129;3,38;2;379,19;-1,079555556
0,17986;234,75;2;0,22523;14,88;4;0,23148;4,19;4;0,15152;121,8;2;0,15267;3,9;4;379,52;-1,711277778
0,18349;223,41;2;0,18315;75,93;2;0,14793;65,17;2;0,14684;11;8;0,14793;4,49;4;380;-0,634722222
0,17606;245,06;2;0,21882;9,15;6;0,15015;113,43;2;0,14881;9,7;4;0,15152;4,41;4;381,75;-0,624513889
0,17825;234,98;2;0,1845;65,56;2;0,18797;3,5;2;0,18587;10,13;4;0,14599;72,18;2;386,35;-0,635083333
0,17825;238,2;2;0,22222;8,99;6;0,22371;4,02;4;0,15823;115,64;2;0,14925;20,16;2;387,01;-1,661791667
0,18484;222,63;2;0,23095;10,34;6;0,23753;13,77;2;0,14451;139,42;2;0,14577;3,81;2;389,97;-1,897097222
0,17065;259,44;2;0,21053;8,47;6;0,14265;108,8;2;0,14164;9,89;4;0,14265;3,8;2;390,4;-0,638375
0,3367;95,26;4;0,16529;210,38;2;0,18587;3,36;2;0,1845;9,87;4;0,1462;73,15;2;392,02;-0,640430556
0,17825;238,63;2;0,18797;63,66;2;0,19011;3,61;2;0,18939;10,69;6;0,14225;85,22;2;401,81;-0,662
0,10858;391,52;2;0,123;7,13;4;0,12438;6,42;2;0,12361;10,1;8;0,12723;4,1;4;419,27;-0,680513889
0,10823;396,29;2;0,12285;6,35;2;0,12422;3,5;2;0,12346;10,3;2;0,12453;4,48;4;420,92;-0,68475
0,10638;398,47;2;0,12019;6,1;2;0,12165;4,23;4;0,1224;9,81;4;0,12346;3,66;2;422,27;-0,681861111
0,10684;410,86;2;0,12121;5,99;2;0,12151;4,14;4;0,12151;10,06;6;0,1224;4,56;4;435,61;-0,702819444
0,10194;423,75;2;0,11442;7,74;6;0,11561;3,37;2;0,11507;12,96;2;0,11574;4,2;4;452,02;-0,753805556
0,10152;426,33;2;0,11288;7,42424;6;0,11419;3,87879;4;0,1134;10,48485;8;0,11406;4,18182;2;452,2997;-0,730130069
0,50251;24,98;4;0,09798;412,12371;2;0,10475;3,25773;2;0,10408;9,21649;8;0,10464;3,36082;4;452,93875;-0,718686361
0,20682;165,53608;2;0,10352;275,49485;2;0,10412;3,28125;2;0,10345;9,16667;8;0,10412;3,57292;2;457,05177;-0,723914528
0,49261;31,67;4;0,09528;425,13402;2;0,1015;3,36842;2;0,10096;9,11579;8;0,1015;3,41053;2;472,69876;-0,745151792
0,4878;30,1;4;0,09482;430,64948;2;0,10125;3,1134;4;0,10062;9,09278;8;0,10115;3,46392;4;476,41958;-0,750095889
0,47847;30,5;4;0,09445;430,15464;2;0,10062;3,37113;2;0,1001;9,25773;4;0,10073;3,37113;4;476,65463;-0,752026028
0,35211;85,46;4;0,09852;414,1;2;0,1056;3,54;2;0,10526;10,22;8;0,10582;4,42;4;517,74;-0,818444444
0,38023;84,18;4;0,0969;429,17;2;0,10341;3,33;2;0,10277;10,31;8;0,10428;3,39;2;530,38;-0,836875
0,2008;205,85;2;0,10183;310,31;2;0,10267;3,41;2;0,10215;10,58;8;0,10363;3,59;2;533,74;-0,844166667
0,35587;88,73;4;0,09615;428,2;2;0,10288;3,8;4;0,10331;10,2;8;0,10566;4,25253;4;535,18253;-0,842475736
0,34722;93,01;4;0,09551;431,84;2;0,10183;3,28;2;0,10121;9,85;4;0,10173;3,84;4;541,82;-0,848291667